Name,Country,Div Rank,Gender Rank,Overall Rank,Swim,Bike,Run,Finish,Points,Distance,Race_City,Race_Country,Race_Region,Gender,Race_Year,Race_Date,Race_Name,Age_Group
"Collington, Kevin",AUS,1,1,1,00:48:30,04:34:29,03:07:27,08:34:39,5000,Ironman 140.6,Penghu,Taiwan,Asia,M,2017,20171001,taiwan,Pro
"Vanhoenacker, Marino",BEL,2,2,2,00:51:40,04:37:49,03:12:50,08:46:40,4855,Ironman 140.6,Penghu,Taiwan,Asia,M,2017,20171001,taiwan,Pro
"Cochrane, Simon",NZL,3,3,3,00:51:42,04:46:46,03:26:28,09:09:46,4578,Ironman 140.6,Penghu,Taiwan,Asia,M,2017,20171001,taiwan,Pro
"Luft, Mikolaj",POL,4,4,4,00:56:02,04:34:03,03:54:58,09:28:49,4350,Ironman 140.6,Penghu,Taiwan,Asia,M,2017,20171001,taiwan,Pro
"Crawford, Guy",NZL,5,5,5,00:51:39,04:46:47,04:03:49,09:46:54,4133,Ironman 140.6,Penghu,Taiwan,Asia,M,2017,20171001,taiwan,Pro
"Deak, Zsombor",ROU,6,9,10,00:59:31,05:16:42,03:53:05,10:13:59,3808,Ironman 140.6,Penghu,Taiwan,Asia,M,2017,20171001,taiwan,Pro
"Csoke, Balazs",HUN,7,13,14,00:48:33,05:58:22,03:40:12,10:33:35,3572,Ironman 140.6,Penghu,Taiwan,Asia,M,2017,20171001,taiwan,Pro
"Pochon, Cyril",FRA,8,18,20,00:56:04,05:10:13,04:28:47,10:41:09,3482,Ironman 140.6,Penghu,Taiwan,Asia,M,2017,20171001,taiwan,Pro
"Shinozaki, Yu",JPN,9,41,46,00:59:26,04:49:15,05:31:27,11:25:14,2953,Ironman 140.6,Penghu,Taiwan,Asia,M,2017,20171001,taiwan,Pro
"Brown, Daniel",AUS,10,152,182,01:09:44,06:04:11,06:10:52,13:38:44,1351,Ironman 140.6,Penghu,Taiwan,Asia,M,2017,20171001,taiwan,Pro
"Croneborg, Fredrik",SWE,---,---,---,---,---,---,DNS,---,Ironman 140.6,Penghu,Taiwan,Asia,M,2017,20171001,taiwan,Pro
"Džalaj, Karol",SVK,---,---,---,---,---,---,DNS,---,Ironman 140.6,Penghu,Taiwan,Asia,M,2017,20171001,taiwan,Pro
"Elosegui, Eneko",ESP,---,---,---,---,---,---,DNS,---,Ironman 140.6,Penghu,Taiwan,Asia,M,2017,20171001,taiwan,Pro
"Gomes, Pedro",PRT,---,---,---,---,---,---,DNS,---,Ironman 140.6,Penghu,Taiwan,Asia,M,2017,20171001,taiwan,Pro
"Kovacic, Jaroslav",SVN,---,---,---,00:48:32,04:36:01,---,DNF,---,Ironman 140.6,Penghu,Taiwan,Asia,M,2017,20171001,taiwan,Pro
"Munro, Casey",AUS,---,---,---,---,---,---,DNS,---,Ironman 140.6,Penghu,Taiwan,Asia,M,2017,20171001,taiwan,Pro
"Vondracek, Jesse",AUS,---,---,---,---,---,---,DNS,---,Ironman 140.6,Penghu,Taiwan,Asia,M,2017,20171001,taiwan,Pro
"Hirako, Takahiro",JPN,1,52,58,01:13:22,05:39:53,04:42:54,11:44:17,5000,Ironman 140.6,Penghu,Taiwan,Asia,M,2017,20171001,taiwan,18-24
"Enomoto, Taiki",JPN,2,121,144,01:23:19,06:43:14,04:50:01,13:11:51,3949,Ironman 140.6,Penghu,Taiwan,Asia,M,2017,20171001,taiwan,18-24
"Juangroongruangkit, Bodintorn",THA,3,187,224,01:31:32,06:56:30,05:30:23,14:09:45,3254,Ironman 140.6,Penghu,Taiwan,Asia,M,2017,20171001,taiwan,18-24
"Suzuki, Sei",JPN,4,352,414,01:10:49,07:49:44,06:43:07,16:03:12,1893,Ironman 140.6,Penghu,Taiwan,Asia,M,2017,20171001,taiwan,18-24
"Chang, I Feng",TWN,5,366,428,01:58:40,07:14:27,06:33:34,16:10:20,1807,Ironman 140.6,Penghu,Taiwan,Asia,M,2017,20171001,taiwan,18-24
"Fukagawa, Kenta",JPN,6,372,435,01:57:59,07:51:51,06:00:27,16:14:53,1752,Ironman 140.6,Penghu,Taiwan,Asia,M,2017,20171001,taiwan,18-24
"Chang, Jerro",TWN,7,422,489,01:27:26,07:41:32,07:04:14,16:31:26,1554,Ironman 140.6,Penghu,Taiwan,Asia,M,2017,20171001,taiwan,18-24
"Fujiwara, Reiya",JPN,---,---,---,01:54:27,---,---,DNF,---,Ironman 140.6,Penghu,Taiwan,Asia,M,2017,20171001,taiwan,18-24
"Matsushita, Tatsushi",JPN,---,---,---,01:09:38,09:19:56,---,DNF,---,Ironman 140.6,Penghu,Taiwan,Asia,M,2017,20171001,taiwan,18-24
"Li, Chang-Tai",TWN,1,20,22,01:05:44,05:31:26,04:05:49,10:48:55,5000,Ironman 140.6,Penghu,Taiwan,Asia,M,2017,20171001,taiwan,25-29
"杜, 观",CHN,2,29,33,01:25:30,05:36:58,03:56:34,11:11:09,4733,Ironman 140.6,Penghu,Taiwan,Asia,M,2017,20171001,taiwan,25-29
"Kanbayashi, Tomonobu",JPN,3,45,51,01:06:48,06:01:32,04:17:00,11:33:41,4462,Ironman 140.6,Penghu,Taiwan,Asia,M,2017,20171001,taiwan,25-29
"Tan, Sheng Lin",SGP,4,67,78,01:05:40,06:04:16,04:47:30,12:08:14,4048,Ironman 140.6,Penghu,Taiwan,Asia,M,2017,20171001,taiwan,25-29
"Li, Yuan Jau",TWN,5,82,97,01:15:49,06:04:16,04:55:53,12:25:43,3838,Ironman 140.6,Penghu,Taiwan,Asia,M,2017,20171001,taiwan,25-29
"Yoshimura, Kazuki",JPN,6,83,98,01:36:37,06:20:13,04:18:56,12:26:17,3831,Ironman 140.6,Penghu,Taiwan,Asia,M,2017,20171001,taiwan,25-29
"Huang, Yi Wen",TWN,7,95,112,01:25:33,06:21:27,04:33:24,12:38:27,3685,Ironman 140.6,Penghu,Taiwan,Asia,M,2017,20171001,taiwan,25-29
"Liang, Hong-Bin",TWN,8,98,115,01:55:01,06:14:58,04:17:47,12:40:05,3666,Ironman 140.6,Penghu,Taiwan,Asia,M,2017,20171001,taiwan,25-29
"Fujioka, Tetsuya",JPN,9,146,174,01:46:02,06:09:31,05:25:03,13:35:56,2995,Ironman 140.6,Penghu,Taiwan,Asia,M,2017,20171001,taiwan,25-29
"Mo, Shao-Yuan",TWN,10,149,178,01:14:32,06:33:15,05:25:31,13:36:56,2983,Ironman 140.6,Penghu,Taiwan,Asia,M,2017,20171001,taiwan,25-29
"Wong Ting, San Luis",TWN,11,158,190,01:24:28,06:14:36,05:55:14,13:45:43,2878,Ironman 140.6,Penghu,Taiwan,Asia,M,2017,20171001,taiwan,25-29
"Ogawa, Arato",JPN,12,161,194,01:24:37,07:09:49,05:00:16,13:49:46,2829,Ironman 140.6,Penghu,Taiwan,Asia,M,2017,20171001,taiwan,25-29
"Lv, Hao",CHN,13,162,195,01:28:32,06:44:24,05:09:06,13:50:30,2821,Ironman 140.6,Penghu,Taiwan,Asia,M,2017,20171001,taiwan,25-29
"Hotchi, Daichi",JPN,14,200,243,01:46:42,07:02:58,05:03:20,14:22:46,2433,Ironman 140.6,Penghu,Taiwan,Asia,M,2017,20171001,taiwan,25-29
"Nakatani, Ryota",JPN,15,212,256,01:37:54,06:21:10,06:21:44,14:33:11,2308,Ironman 140.6,Penghu,Taiwan,Asia,M,2017,20171001,taiwan,25-29
"Mesnard, Christopher",AUS,16,223,268,01:18:59,07:10:43,05:48:36,14:38:27,2245,Ironman 140.6,Penghu,Taiwan,Asia,M,2017,20171001,taiwan,25-29
"Lee, Danny",AUS,17,241,289,01:51:07,07:20:43,05:25:40,14:49:49,2109,Ironman 140.6,Penghu,Taiwan,Asia,M,2017,20171001,taiwan,25-29
"Jono, Tsubasa",JPN,18,251,300,01:38:48,06:55:10,06:06:39,14:53:41,2062,Ironman 140.6,Penghu,Taiwan,Asia,M,2017,20171001,taiwan,25-29
"Wong, Hoyin",HKG,19,272,324,01:27:59,07:18:15,05:58:03,15:12:02,1842,Ironman 140.6,Penghu,Taiwan,Asia,M,2017,20171001,taiwan,25-29
"Tong, Barney",CAN,20,321,380,01:10:00,07:22:19,06:44:09,15:45:17,1443,Ironman 140.6,Penghu,Taiwan,Asia,M,2017,20171001,taiwan,25-29
"Liu, Diqin",CHN,21,393,457,01:24:53,08:00:56,06:36:47,16:23:09,1000,Ironman 140.6,Penghu,Taiwan,Asia,M,2017,20171001,taiwan,25-29
"Chan, Steven Chiu Fan",HKG,22,417,484,01:35:50,07:39:33,06:30:44,16:29:30,1000,Ironman 140.6,Penghu,Taiwan,Asia,M,2017,20171001,taiwan,25-29
"Chen, Ye",CHN,23,419,486,02:00:31,07:34:12,06:23:26,16:30:17,1000,Ironman 140.6,Penghu,Taiwan,Asia,M,2017,20171001,taiwan,25-29
"Du, Liang",CHN,24,427,496,01:45:34,07:50:02,06:11:01,16:34:36,1000,Ironman 140.6,Penghu,Taiwan,Asia,M,2017,20171001,taiwan,25-29
"Cheng, Yu-Ting",TWN,25,452,523,01:57:44,07:42:10,06:51:58,16:52:28,1000,Ironman 140.6,Penghu,Taiwan,Asia,M,2017,20171001,taiwan,25-29
"Chiu, Wei Hung",TWN,---,---,---,---,---,---,DNS,---,Ironman 140.6,Penghu,Taiwan,Asia,M,2017,20171001,taiwan,25-29
"Harris, Josh",NZL,---,---,---,01:04:40,05:43:34,---,DNF,---,Ironman 140.6,Penghu,Taiwan,Asia,M,2017,20171001,taiwan,25-29
"Huang, Hsin-Wei",TWN,---,---,---,01:33:53,08:07:09,---,DNF,---,Ironman 140.6,Penghu,Taiwan,Asia,M,2017,20171001,taiwan,25-29
"Huang, Sen Hsien",TWN,---,---,---,02:04:48,04:59:31,---,DNF,---,Ironman 140.6,Penghu,Taiwan,Asia,M,2017,20171001,taiwan,25-29
"Issei, Suzuki",JPN,---,---,---,---,---,---,DNS,---,Ironman 140.6,Penghu,Taiwan,Asia,M,2017,20171001,taiwan,25-29
"Wang, Cheng",CHN,---,---,---,01:58:55,---,---,DNF,---,Ironman 140.6,Penghu,Taiwan,Asia,M,2017,20171001,taiwan,25-29
"Wang, Nai-We",TWN,---,---,---,01:57:48,08:18:10,---,DNF,---,Ironman 140.6,Penghu,Taiwan,Asia,M,2017,20171001,taiwan,25-29
"Wisniowski, Grzegorz",POL,---,---,---,---,---,---,DNS,---,Ironman 140.6,Penghu,Taiwan,Asia,M,2017,20171001,taiwan,25-29
"Kamiya, Taihei",JPN,1,6,7,01:02:52,05:18:41,03:43:14,10:11:44,5000,Ironman 140.6,Penghu,Taiwan,Asia,M,2017,20171001,taiwan,30-34
"Guethoff, Marcel",DEU,2,11,12,01:15:50,05:08:57,03:59:15,10:30:47,4771,Ironman 140.6,Penghu,Taiwan,Asia,M,2017,20171001,taiwan,30-34
"Nomura, Koji",JPN,3,35,40,01:01:02,05:52:32,04:13:42,11:17:46,4207,Ironman 140.6,Penghu,Taiwan,Asia,M,2017,20171001,taiwan,30-34
"Liu, Kuang-Wu",TWN,4,44,50,01:10:47,05:38:47,04:30:14,11:31:47,4039,Ironman 140.6,Penghu,Taiwan,Asia,M,2017,20171001,taiwan,30-34
"Lee, Eugene",MYS,5,65,75,01:17:57,05:59:56,04:39:17,12:04:12,3650,Ironman 140.6,Penghu,Taiwan,Asia,M,2017,20171001,taiwan,30-34
"Liu, Ke-Tai",TWN,6,81,95,01:14:31,05:53:34,05:06:47,12:23:43,3416,Ironman 140.6,Penghu,Taiwan,Asia,M,2017,20171001,taiwan,30-34
"Atsuga, Rei",JPN,7,100,117,01:09:15,06:06:52,05:18:51,12:41:51,3198,Ironman 140.6,Penghu,Taiwan,Asia,M,2017,20171001,taiwan,30-34
"Lee, Ming-Yi",TWN,8,102,119,01:16:51,05:45:47,05:30:03,12:46:03,3148,Ironman 140.6,Penghu,Taiwan,Asia,M,2017,20171001,taiwan,30-34
"Kimura, Keiki",JPN,9,110,130,01:10:54,06:03:26,05:27:06,12:58:20,3000,Ironman 140.6,Penghu,Taiwan,Asia,M,2017,20171001,taiwan,30-34
"Kang, Hyungeun",KOR,10,112,132,01:24:33,06:11:25,05:10:43,13:00:13,2978,Ironman 140.6,Penghu,Taiwan,Asia,M,2017,20171001,taiwan,30-34
"inca, kevin",AUS,11,132,155,01:17:49,06:07:36,05:45:30,13:19:58,2741,Ironman 140.6,Penghu,Taiwan,Asia,M,2017,20171001,taiwan,30-34
"Huang, Yi",CHN,12,136,161,01:09:25,06:41:10,05:26:46,13:27:29,2651,Ironman 140.6,Penghu,Taiwan,Asia,M,2017,20171001,taiwan,30-34
"Cui, Yi Bing",CHN,13,141,166,01:27:16,06:37:45,05:03:23,13:29:54,2622,Ironman 140.6,Penghu,Taiwan,Asia,M,2017,20171001,taiwan,30-34
"Barkaie, Assaf",CAN,14,143,169,01:21:59,06:12:43,05:44:16,13:31:46,2599,Ironman 140.6,Penghu,Taiwan,Asia,M,2017,20171001,taiwan,30-34
"Su, Yu De",TWN,15,157,189,01:36:31,06:16:55,05:32:31,13:45:26,2435,Ironman 140.6,Penghu,Taiwan,Asia,M,2017,20171001,taiwan,30-34
"Li, Tsung En",TWN,16,159,192,01:16:29,06:13:21,06:07:41,13:47:08,2415,Ironman 140.6,Penghu,Taiwan,Asia,M,2017,20171001,taiwan,30-34
"Cheng, Chia Cheng",TWN,17,160,193,01:31:48,06:12:39,05:46:18,13:48:07,2403,Ironman 140.6,Penghu,Taiwan,Asia,M,2017,20171001,taiwan,30-34
"Liao, Ken",TWN,18,189,227,01:10:13,06:14:09,06:33:41,14:12:13,2114,Ironman 140.6,Penghu,Taiwan,Asia,M,2017,20171001,taiwan,30-34
"Kealty, Alistair",AUS,19,193,231,01:28:50,07:20:49,05:11:45,14:16:30,2062,Ironman 140.6,Penghu,Taiwan,Asia,M,2017,20171001,taiwan,30-34
"Liu, Yanwu",CHN,20,204,247,01:10:49,07:45:27,05:13:16,14:23:56,1973,Ironman 140.6,Penghu,Taiwan,Asia,M,2017,20171001,taiwan,30-34
"Jianping, Ou",CHN,21,207,251,01:38:01,06:42:28,05:14:59,14:28:50,1914,Ironman 140.6,Penghu,Taiwan,Asia,M,2017,20171001,taiwan,30-34
"Khew, U-Wei",SGP,22,209,253,01:31:26,06:47:17,05:54:31,14:29:40,1904,Ironman 140.6,Penghu,Taiwan,Asia,M,2017,20171001,taiwan,30-34
"Wang, Chun-Hsiung",TWN,23,255,304,01:34:29,07:15:34,05:45:50,14:56:16,1585,Ironman 140.6,Penghu,Taiwan,Asia,M,2017,20171001,taiwan,30-34
"Huang, Zhisheng",CHN,24,267,319,01:19:43,06:39:30,06:30:02,15:07:49,1447,Ironman 140.6,Penghu,Taiwan,Asia,M,2017,20171001,taiwan,30-34
"yet, ah",MYS,25,293,345,01:24:19,06:59:24,06:51:10,15:25:58,1229,Ironman 140.6,Penghu,Taiwan,Asia,M,2017,20171001,taiwan,30-34
"Okada, Takumi",JPN,26,316,374,01:28:50,07:18:49,06:25:15,15:41:16,1045,Ironman 140.6,Penghu,Taiwan,Asia,M,2017,20171001,taiwan,30-34
"Pisarnworakarn, Pisit",THA,27,327,388,01:36:14,07:02:33,06:36:00,15:49:44,1000,Ironman 140.6,Penghu,Taiwan,Asia,M,2017,20171001,taiwan,30-34
"Chen, Chih Jung",TWN,28,328,389,01:36:59,08:00:21,05:42:21,15:49:52,1000,Ironman 140.6,Penghu,Taiwan,Asia,M,2017,20171001,taiwan,30-34
"Chen, Haibin",CHN,29,332,393,01:31:50,07:39:46,06:11:24,15:54:41,1000,Ironman 140.6,Penghu,Taiwan,Asia,M,2017,20171001,taiwan,30-34
"Chen, Peng",CHN,30,333,394,01:45:20,07:04:41,06:43:14,15:55:41,1000,Ironman 140.6,Penghu,Taiwan,Asia,M,2017,20171001,taiwan,30-34
"WENBO, XU",CHN,31,335,397,01:38:45,07:14:54,06:47:56,15:56:56,1000,Ironman 140.6,Penghu,Taiwan,Asia,M,2017,20171001,taiwan,30-34
"Lin, Tzu-Min",TWN,32,353,415,01:24:03,07:31:27,06:51:10,16:03:26,1000,Ironman 140.6,Penghu,Taiwan,Asia,M,2017,20171001,taiwan,30-34
"Xie, Zili",TWN,33,355,417,01:40:48,07:12:14,06:54:19,16:04:36,1000,Ironman 140.6,Penghu,Taiwan,Asia,M,2017,20171001,taiwan,30-34
"Kiyomiya, Toshiyuki",JPN,34,374,437,01:48:47,07:25:24,06:39:11,16:15:14,1000,Ironman 140.6,Penghu,Taiwan,Asia,M,2017,20171001,taiwan,30-34
"Tung, Wei",CHN,35,379,443,02:06:23,07:59:20,05:49:44,16:18:04,1000,Ironman 140.6,Penghu,Taiwan,Asia,M,2017,20171001,taiwan,30-34
"Wu, Chi Lung",TWN,36,380,444,01:40:36,07:50:57,06:21:57,16:18:26,1000,Ironman 140.6,Penghu,Taiwan,Asia,M,2017,20171001,taiwan,30-34
"Wang, Jen Hao",TWN,37,399,464,01:29:06,08:09:04,06:19:32,16:24:29,1000,Ironman 140.6,Penghu,Taiwan,Asia,M,2017,20171001,taiwan,30-34
"Li, Wei",CHN,38,400,465,01:32:55,08:00:39,06:37:04,16:24:39,1000,Ironman 140.6,Penghu,Taiwan,Asia,M,2017,20171001,taiwan,30-34
"Huynh, Alen",VNM,39,408,474,01:33:11,07:57:17,06:38:11,16:27:24,1000,Ironman 140.6,Penghu,Taiwan,Asia,M,2017,20171001,taiwan,30-34
"Lai, Chi Kin",HKG,40,431,500,01:42:12,08:25:35,06:07:48,16:37:07,1000,Ironman 140.6,Penghu,Taiwan,Asia,M,2017,20171001,taiwan,30-34
"Jiang, Wei",CHN,41,433,502,00:56:58,08:02:00,07:18:08,16:38:15,1000,Ironman 140.6,Penghu,Taiwan,Asia,M,2017,20171001,taiwan,30-34
"Hou, Chungbao",TWN,42,442,511,01:58:15,07:39:59,06:51:27,16:45:11,1000,Ironman 140.6,Penghu,Taiwan,Asia,M,2017,20171001,taiwan,30-34
"Kuo, Steven",TWN,43,448,518,01:37:14,08:04:35,06:52:18,16:47:20,1000,Ironman 140.6,Penghu,Taiwan,Asia,M,2017,20171001,taiwan,30-34
"Chen, Bing Zhen",TWN,44,449,519,01:43:57,07:36:38,07:06:39,16:47:48,1000,Ironman 140.6,Penghu,Taiwan,Asia,M,2017,20171001,taiwan,30-34
"Beaver IV, Thomas",AUS,---,---,---,01:09:19,---,---,DNF,---,Ironman 140.6,Penghu,Taiwan,Asia,M,2017,20171001,taiwan,30-34
"Belsare, Aseem",IND,---,---,---,---,---,---,DNS,---,Ironman 140.6,Penghu,Taiwan,Asia,M,2017,20171001,taiwan,30-34
"Catbagan, Jay",AUS,---,---,---,01:14:30,---,---,DNF,---,Ironman 140.6,Penghu,Taiwan,Asia,M,2017,20171001,taiwan,30-34
"Chau, Kin Lung",HKG,---,---,---,01:27:53,09:25:06,---,DNF,---,Ironman 140.6,Penghu,Taiwan,Asia,M,2017,20171001,taiwan,30-34
"Chen, Jui Hung",TWN,---,---,---,01:47:56,---,---,DNF,---,Ironman 140.6,Penghu,Taiwan,Asia,M,2017,20171001,taiwan,30-34
"Chen, Shun-An",TWN,---,---,---,01:36:35,---,---,DNF,---,Ironman 140.6,Penghu,Taiwan,Asia,M,2017,20171001,taiwan,30-34
"Chen, Tai Lin",TWN,---,---,---,02:01:32,05:57:29,---,DNF,---,Ironman 140.6,Penghu,Taiwan,Asia,M,2017,20171001,taiwan,30-34
"Dong, Haijiang",CHN,---,---,---,01:13:41,---,---,DNF,---,Ironman 140.6,Penghu,Taiwan,Asia,M,2017,20171001,taiwan,30-34
"Fan, Zhen Hui",TWN,---,---,---,01:39:40,06:54:12,---,DNF,---,Ironman 140.6,Penghu,Taiwan,Asia,M,2017,20171001,taiwan,30-34
"HASHIMOTO, SHUN",JPN,---,---,---,01:30:39,---,---,DNF,---,Ironman 140.6,Penghu,Taiwan,Asia,M,2017,20171001,taiwan,30-34
"Hawkins, James",AUS,---,---,---,---,---,---,DNS,---,Ironman 140.6,Penghu,Taiwan,Asia,M,2017,20171001,taiwan,30-34
"Hsu, Chia-Hsiu",TWN,---,---,---,01:21:39,06:46:39,---,DNF,---,Ironman 140.6,Penghu,Taiwan,Asia,M,2017,20171001,taiwan,30-34
"Ke, Yu Dong",TWN,---,---,---,01:27:56,07:44:46,---,DNF,---,Ironman 140.6,Penghu,Taiwan,Asia,M,2017,20171001,taiwan,30-34
"Kuo, En Ting",TWN,---,---,---,---,---,---,DNS,---,Ironman 140.6,Penghu,Taiwan,Asia,M,2017,20171001,taiwan,30-34
"Liu, Zhenhan",TWN,---,---,---,01:28:55,06:54:13,---,DNF,---,Ironman 140.6,Penghu,Taiwan,Asia,M,2017,20171001,taiwan,30-34
"Munoz, Ian",AUS,---,---,---,---,---,---,DNS,---,Ironman 140.6,Penghu,Taiwan,Asia,M,2017,20171001,taiwan,30-34
"Okano, Taichi",JPN,---,---,---,---,---,---,DNS,---,Ironman 140.6,Penghu,Taiwan,Asia,M,2017,20171001,taiwan,30-34
"Pereira Iglesias, Ivan",ESP,---,---,---,01:04:10,05:41:48,---,DNF,---,Ironman 140.6,Penghu,Taiwan,Asia,M,2017,20171001,taiwan,30-34
"Tang, Haiheng",CHN,---,---,---,01:28:17,06:19:36,---,DNF,---,Ironman 140.6,Penghu,Taiwan,Asia,M,2017,20171001,taiwan,30-34
"Torrens, Adam",AUS,---,---,---,01:19:12,08:36:04,---,DNF,---,Ironman 140.6,Penghu,Taiwan,Asia,M,2017,20171001,taiwan,30-34
"Vincent, Mathieu",CAN,---,---,---,02:01:02,07:38:38,---,DNF,---,Ironman 140.6,Penghu,Taiwan,Asia,M,2017,20171001,taiwan,30-34
"Wang, Hao-Cheng",TWN,---,---,---,01:03:20,05:41:27,---,DNF,---,Ironman 140.6,Penghu,Taiwan,Asia,M,2017,20171001,taiwan,30-34
"Wang, Lei",CHN,---,---,---,---,---,---,DNS,---,Ironman 140.6,Penghu,Taiwan,Asia,M,2017,20171001,taiwan,30-34
"Wong, Lawrence",HKG,---,---,---,---,---,---,DNS,---,Ironman 140.6,Penghu,Taiwan,Asia,M,2017,20171001,taiwan,30-34
"Wu, Chia Wei",TWN,---,---,---,01:22:43,---,---,DNF,---,Ironman 140.6,Penghu,Taiwan,Asia,M,2017,20171001,taiwan,30-34
"Xiao, Tieshan",CHN,---,---,---,---,---,---,DNS,---,Ironman 140.6,Penghu,Taiwan,Asia,M,2017,20171001,taiwan,30-34
"Zhang, Baicai",CHN,---,---,---,01:42:39,05:19:29,---,DNF,---,Ironman 140.6,Penghu,Taiwan,Asia,M,2017,20171001,taiwan,30-34
"杨, 嵩",CHN,---,---,---,---,---,---,DNS,---,Ironman 140.6,Penghu,Taiwan,Asia,M,2017,20171001,taiwan,30-34
"Ramajo Farre, Ruben",ESP,1,7,8,01:07:33,04:59:30,03:58:24,10:12:33,5000,Ironman 140.6,Penghu,Taiwan,Asia,M,2017,20171001,taiwan,35-39
"Takao, Yamazaki",JPN,2,8,9,01:04:56,05:28:27,03:33:48,10:13:19,4990,Ironman 140.6,Penghu,Taiwan,Asia,M,2017,20171001,taiwan,35-39
"Wu, Ming-Chieh",TWN,3,10,11,01:10:53,05:16:17,03:51:40,10:26:51,4828,Ironman 140.6,Penghu,Taiwan,Asia,M,2017,20171001,taiwan,35-39
"Kondo, Takahiro",JPN,4,15,17,01:00:58,05:45:18,03:42:17,10:36:28,4713,Ironman 140.6,Penghu,Taiwan,Asia,M,2017,20171001,taiwan,35-39
"Haibel, Thomas",DEU,5,16,18,01:06:15,05:15:54,04:05:22,10:38:13,4692,Ironman 140.6,Penghu,Taiwan,Asia,M,2017,20171001,taiwan,35-39
"Yan, Ming Han",TWN,6,22,24,01:14:43,05:28:12,04:00:57,10:51:32,4532,Ironman 140.6,Penghu,Taiwan,Asia,M,2017,20171001,taiwan,35-39
"Dussac, Florent",FRA,7,31,35,01:07:32,05:09:34,04:49:13,11:12:45,4277,Ironman 140.6,Penghu,Taiwan,Asia,M,2017,20171001,taiwan,35-39
"Cheytion, Thibaut",JPN,8,32,36,01:06:53,05:31:19,04:27:37,11:13:48,4265,Ironman 140.6,Penghu,Taiwan,Asia,M,2017,20171001,taiwan,35-39
"Chen, Derek",TWN,9,33,38,01:20:26,05:33:22,04:13:30,11:15:55,4239,Ironman 140.6,Penghu,Taiwan,Asia,M,2017,20171001,taiwan,35-39
"Chien, Chih-Chi",TWN,10,34,39,01:19:39,05:35:51,04:14:10,11:17:02,4226,Ironman 140.6,Penghu,Taiwan,Asia,M,2017,20171001,taiwan,35-39
"Liang, Teng-Yu",TWN,11,39,44,00:59:14,05:48:19,04:21:04,11:19:47,4193,Ironman 140.6,Penghu,Taiwan,Asia,M,2017,20171001,taiwan,35-39
"Li, Thing Zong",TWN,12,58,66,01:06:36,05:38:27,04:54:48,11:49:14,3839,Ironman 140.6,Penghu,Taiwan,Asia,M,2017,20171001,taiwan,35-39
"Matsukane, Takuya",JPN,13,60,68,01:19:44,06:18:39,04:00:25,11:50:20,3826,Ironman 140.6,Penghu,Taiwan,Asia,M,2017,20171001,taiwan,35-39
"Yang, Jin Long",TWN,14,61,71,01:23:27,05:51:44,04:34:51,11:58:38,3727,Ironman 140.6,Penghu,Taiwan,Asia,M,2017,20171001,taiwan,35-39
"Chen, Hsu Sheng",TWN,15,64,74,01:16:14,05:49:12,04:37:18,12:03:31,3668,Ironman 140.6,Penghu,Taiwan,Asia,M,2017,20171001,taiwan,35-39
"Chen, Chi-Chong",TWN,16,69,80,01:23:23,06:09:33,04:27:44,12:10:00,3590,Ironman 140.6,Penghu,Taiwan,Asia,M,2017,20171001,taiwan,35-39
"Sun, Scott",TWN,17,78,91,01:25:37,06:00:24,04:47:12,12:21:58,3447,Ironman 140.6,Penghu,Taiwan,Asia,M,2017,20171001,taiwan,35-39
"Ge, Wei",CHN,18,90,106,01:14:50,06:08:58,04:50:15,12:31:27,3333,Ironman 140.6,Penghu,Taiwan,Asia,M,2017,20171001,taiwan,35-39
"Harata, Munetaka",JPN,19,96,113,01:20:43,06:28:06,04:33:40,12:38:41,3246,Ironman 140.6,Penghu,Taiwan,Asia,M,2017,20171001,taiwan,35-39
"Li, Guo Long",TWN,20,101,118,01:34:34,06:33:45,04:21:53,12:43:17,3191,Ironman 140.6,Penghu,Taiwan,Asia,M,2017,20171001,taiwan,35-39
"Deng, Kai",CHN,21,105,123,01:30:19,05:55:08,05:15:23,12:49:15,3119,Ironman 140.6,Penghu,Taiwan,Asia,M,2017,20171001,taiwan,35-39
"Villacruz, Manuel Henry Ii",PHL,22,111,131,01:26:07,06:30:22,04:53:20,12:59:11,3000,Ironman 140.6,Penghu,Taiwan,Asia,M,2017,20171001,taiwan,35-39
"Orquiza, Retzel",PHL,23,127,150,01:30:11,06:18:45,05:16:37,13:16:42,2790,Ironman 140.6,Penghu,Taiwan,Asia,M,2017,20171001,taiwan,35-39
"Arifan, Fajar",IDN,24,140,165,01:24:11,06:14:47,05:35:58,13:29:08,2641,Ironman 140.6,Penghu,Taiwan,Asia,M,2017,20171001,taiwan,35-39
"Weng, Ethan",TWN,25,142,168,01:23:45,06:24:14,05:14:17,13:31:02,2618,Ironman 140.6,Penghu,Taiwan,Asia,M,2017,20171001,taiwan,35-39
"Okamoto, Yasunori",JPN,26,147,175,01:17:55,06:31:22,05:33:20,13:36:09,2556,Ironman 140.6,Penghu,Taiwan,Asia,M,2017,20171001,taiwan,35-39
"Lan, Landry",TWN,27,148,177,01:31:47,06:34:15,05:02:52,13:36:52,2548,Ironman 140.6,Penghu,Taiwan,Asia,M,2017,20171001,taiwan,35-39
"Zhuang, Junfeng",CHN,28,154,184,01:41:21,06:47:03,04:54:44,13:39:45,2513,Ironman 140.6,Penghu,Taiwan,Asia,M,2017,20171001,taiwan,35-39
"Chen, Chun Yu",TWN,29,165,198,01:55:10,06:27:46,05:08:27,13:51:58,2367,Ironman 140.6,Penghu,Taiwan,Asia,M,2017,20171001,taiwan,35-39
"Weng, Ming Chuan",TWN,30,167,200,01:42:30,07:07:58,04:19:30,13:52:26,2361,Ironman 140.6,Penghu,Taiwan,Asia,M,2017,20171001,taiwan,35-39
"Lin, Scott",TWN,31,180,217,01:30:13,06:39:04,05:46:39,14:05:55,2199,Ironman 140.6,Penghu,Taiwan,Asia,M,2017,20171001,taiwan,35-39
"Nagao, Shigekazu",JPN,32,181,218,01:32:52,06:32:28,05:34:30,14:06:12,2196,Ironman 140.6,Penghu,Taiwan,Asia,M,2017,20171001,taiwan,35-39
"Sugita, Yoshikazu",JPN,33,199,240,01:30:46,06:36:24,05:51:14,14:21:03,2018,Ironman 140.6,Penghu,Taiwan,Asia,M,2017,20171001,taiwan,35-39
"Kou, Shih Yen",TWN,34,205,248,01:31:05,06:51:21,05:50:15,14:24:59,1970,Ironman 140.6,Penghu,Taiwan,Asia,M,2017,20171001,taiwan,35-39
"Lin, Ming Hua",TWN,35,208,252,01:33:10,07:04:02,05:25:29,14:28:53,1924,Ironman 140.6,Penghu,Taiwan,Asia,M,2017,20171001,taiwan,35-39
"Lam, Carlson",HKG,36,215,259,01:35:03,07:11:34,05:29:01,14:33:48,1865,Ironman 140.6,Penghu,Taiwan,Asia,M,2017,20171001,taiwan,35-39
"Lin, Lucky",TWN,37,220,265,01:36:40,06:51:04,05:49:20,14:37:11,1824,Ironman 140.6,Penghu,Taiwan,Asia,M,2017,20171001,taiwan,35-39
"Liu, Peng",CHN,38,225,270,01:42:00,07:10:33,05:38:51,14:40:27,1785,Ironman 140.6,Penghu,Taiwan,Asia,M,2017,20171001,taiwan,35-39
"Ueno, Eiichi",JPN,39,229,274,01:31:54,06:56:13,06:02:49,14:42:01,1766,Ironman 140.6,Penghu,Taiwan,Asia,M,2017,20171001,taiwan,35-39
"Lee, Yao",CHN,40,231,277,01:43:10,06:47:54,06:00:54,14:43:41,1746,Ironman 140.6,Penghu,Taiwan,Asia,M,2017,20171001,taiwan,35-39
"Hsu, Chia-Hsien",TWN,41,232,278,01:27:59,06:53:32,06:02:55,14:44:57,1731,Ironman 140.6,Penghu,Taiwan,Asia,M,2017,20171001,taiwan,35-39
"Salo, George Jr",PHL,42,247,296,01:46:25,06:53:23,05:54:28,14:51:05,1657,Ironman 140.6,Penghu,Taiwan,Asia,M,2017,20171001,taiwan,35-39
"Yi, Hsinjen",TWN,43,261,310,01:57:38,06:58:08,05:51:42,15:03:41,1506,Ironman 140.6,Penghu,Taiwan,Asia,M,2017,20171001,taiwan,35-39
"He, Liping",CHN,44,264,316,01:32:09,07:19:47,05:47:11,15:07:08,1465,Ironman 140.6,Penghu,Taiwan,Asia,M,2017,20171001,taiwan,35-39
"Hou, Kai Lun",TWN,45,268,320,01:12:07,07:35:52,05:49:20,15:08:16,1451,Ironman 140.6,Penghu,Taiwan,Asia,M,2017,20171001,taiwan,35-39
"kakimoto, tetsuhito",JPN,46,275,327,01:32:44,06:53:56,06:32:02,15:13:51,1384,Ironman 140.6,Penghu,Taiwan,Asia,M,2017,20171001,taiwan,35-39
"Hsieh, Jerry",TWN,47,276,328,01:29:46,06:43:29,06:40:11,15:14:49,1372,Ironman 140.6,Penghu,Taiwan,Asia,M,2017,20171001,taiwan,35-39
"Pan, Zek",TWN,48,278,330,01:28:09,07:48:33,05:41:42,15:17:52,1336,Ironman 140.6,Penghu,Taiwan,Asia,M,2017,20171001,taiwan,35-39
"Chou, Hung Ta",TWN,49,282,334,01:48:29,06:43:53,06:31:22,15:20:53,1300,Ironman 140.6,Penghu,Taiwan,Asia,M,2017,20171001,taiwan,35-39
"Yang, Jin Chuan",TWN,50,284,336,02:04:40,07:12:06,05:48:13,15:21:38,1291,Ironman 140.6,Penghu,Taiwan,Asia,M,2017,20171001,taiwan,35-39
"Du, Long-Jie",TWN,51,286,338,01:44:48,07:06:02,06:10:14,15:23:04,1273,Ironman 140.6,Penghu,Taiwan,Asia,M,2017,20171001,taiwan,35-39
"Tung, Shen",CHN,52,288,340,01:50:45,07:27:10,05:53:50,15:23:34,1267,Ironman 140.6,Penghu,Taiwan,Asia,M,2017,20171001,taiwan,35-39
"Basan, Ariel",PHL,53,290,342,01:23:36,06:40:04,06:43:46,15:23:52,1264,Ironman 140.6,Penghu,Taiwan,Asia,M,2017,20171001,taiwan,35-39
"Lo, Chih Hung",TWN,54,291,343,01:37:56,06:39:53,06:43:23,15:25:06,1249,Ironman 140.6,Penghu,Taiwan,Asia,M,2017,20171001,taiwan,35-39
"Cheng, Hsu Feng",TWN,55,295,347,01:28:36,07:27:04,06:13:22,15:26:34,1231,Ironman 140.6,Penghu,Taiwan,Asia,M,2017,20171001,taiwan,35-39
"Xu, Yunjing",CHN,56,296,348,01:20:09,06:31:07,06:57:17,15:26:36,1231,Ironman 140.6,Penghu,Taiwan,Asia,M,2017,20171001,taiwan,35-39
"Uy, Val Anthony",PHL,57,300,353,01:33:47,07:09:05,06:32:05,15:30:29,1184,Ironman 140.6,Penghu,Taiwan,Asia,M,2017,20171001,taiwan,35-39
"Flores, Raymond",PHL,58,304,359,01:57:22,07:04:27,06:11:56,15:32:47,1157,Ironman 140.6,Penghu,Taiwan,Asia,M,2017,20171001,taiwan,35-39
"Wan, Eddie",HKG,59,314,372,01:33:56,07:41:14,05:54:20,15:39:53,1072,Ironman 140.6,Penghu,Taiwan,Asia,M,2017,20171001,taiwan,35-39
"Cao, Ran",CHN,60,315,373,01:35:55,07:30:59,06:03:30,15:39:59,1070,Ironman 140.6,Penghu,Taiwan,Asia,M,2017,20171001,taiwan,35-39
"Yu, Yi Peng",TWN,61,319,378,01:54:38,06:45:41,06:33:18,15:44:02,1022,Ironman 140.6,Penghu,Taiwan,Asia,M,2017,20171001,taiwan,35-39
"YANG, HSIN TSO",TWN,62,323,382,01:20:41,06:55:59,07:08:41,15:45:42,1002,Ironman 140.6,Penghu,Taiwan,Asia,M,2017,20171001,taiwan,35-39
"Laopraneechon, Piriya",THA,63,326,387,01:24:09,07:01:55,07:04:13,15:49:24,1000,Ironman 140.6,Penghu,Taiwan,Asia,M,2017,20171001,taiwan,35-39
"Pu, Jeff",TWN,64,331,392,01:28:09,07:25:15,06:31:40,15:51:16,1000,Ironman 140.6,Penghu,Taiwan,Asia,M,2017,20171001,taiwan,35-39
"Oiwa, Ken",JPN,65,334,396,01:30:16,07:24:10,06:47:52,15:56:54,1000,Ironman 140.6,Penghu,Taiwan,Asia,M,2017,20171001,taiwan,35-39
"Svennung, Carl Johan Magnus",SWE,66,336,398,02:06:35,07:48:43,05:39:49,15:57:44,1000,Ironman 140.6,Penghu,Taiwan,Asia,M,2017,20171001,taiwan,35-39
"Hsu, Yang Ho",TWN,67,338,400,01:42:35,06:51:25,06:55:33,15:57:58,1000,Ironman 140.6,Penghu,Taiwan,Asia,M,2017,20171001,taiwan,35-39
"You, Shangshang",CHN,68,340,402,02:04:41,07:32:30,05:59:19,15:58:37,1000,Ironman 140.6,Penghu,Taiwan,Asia,M,2017,20171001,taiwan,35-39
"Rodriguez, Hersel",PRI,69,349,411,01:38:24,07:34:29,06:20:31,16:01:32,1000,Ironman 140.6,Penghu,Taiwan,Asia,M,2017,20171001,taiwan,35-39
"Fan, Chihsen",TWN,70,350,412,01:25:54,07:16:09,06:58:23,16:02:35,1000,Ironman 140.6,Penghu,Taiwan,Asia,M,2017,20171001,taiwan,35-39
"Wang, Chao-Ching",TWN,71,358,420,01:44:08,07:09:50,06:41:25,16:05:48,1000,Ironman 140.6,Penghu,Taiwan,Asia,M,2017,20171001,taiwan,35-39
"Wen, Fu Min",TWN,72,362,424,01:33:18,07:17:14,06:53:20,16:08:59,1000,Ironman 140.6,Penghu,Taiwan,Asia,M,2017,20171001,taiwan,35-39
"Chang, Stanley",TWN,73,363,425,01:29:57,06:31:22,07:50:34,16:09:25,1000,Ironman 140.6,Penghu,Taiwan,Asia,M,2017,20171001,taiwan,35-39
"Aoyama, Yoshimasa",JPN,74,371,434,01:25:15,08:18:18,06:08:44,16:14:42,1000,Ironman 140.6,Penghu,Taiwan,Asia,M,2017,20171001,taiwan,35-39
"陳, 彥良",TWN,75,376,440,01:39:43,07:54:32,06:14:48,16:17:17,1000,Ironman 140.6,Penghu,Taiwan,Asia,M,2017,20171001,taiwan,35-39
"Ishida, Ryosuke",JPN,76,382,446,01:37:11,07:36:52,06:44:29,16:19:22,1000,Ironman 140.6,Penghu,Taiwan,Asia,M,2017,20171001,taiwan,35-39
"Chen, Alan",TWN,77,388,452,01:40:47,07:38:14,06:45:10,16:21:24,1000,Ironman 140.6,Penghu,Taiwan,Asia,M,2017,20171001,taiwan,35-39
"Liu, Chung Ho",TWN,78,389,453,01:55:19,07:28:10,06:39:37,16:22:19,1000,Ironman 140.6,Penghu,Taiwan,Asia,M,2017,20171001,taiwan,35-39
"Cheng, Ching",HKG,79,391,455,01:37:08,08:20:56,06:06:17,16:22:36,1000,Ironman 140.6,Penghu,Taiwan,Asia,M,2017,20171001,taiwan,35-39
"Wang, Shih-Wei",TWN,80,401,466,01:32:29,07:39:27,06:54:40,16:25:24,1000,Ironman 140.6,Penghu,Taiwan,Asia,M,2017,20171001,taiwan,35-39
"Bowles, Robert",HKG,81,404,470,01:37:23,07:50:13,06:30:58,16:27:09,1000,Ironman 140.6,Penghu,Taiwan,Asia,M,2017,20171001,taiwan,35-39
"Lai, Chun Chin",TWN,82,405,471,01:35:45,07:43:04,06:41:24,16:27:15,1000,Ironman 140.6,Penghu,Taiwan,Asia,M,2017,20171001,taiwan,35-39
"Phakatanasakul, Bundit",THA,83,406,472,01:49:54,07:27:26,06:40:17,16:27:18,1000,Ironman 140.6,Penghu,Taiwan,Asia,M,2017,20171001,taiwan,35-39
"Buathong, Banyawat",THA,84,407,473,01:29:42,07:26:16,07:12:31,16:27:20,1000,Ironman 140.6,Penghu,Taiwan,Asia,M,2017,20171001,taiwan,35-39
"Wu, Nick",TWN,85,420,487,01:58:09,07:48:37,06:18:42,16:30:40,1000,Ironman 140.6,Penghu,Taiwan,Asia,M,2017,20171001,taiwan,35-39
"Zhang, Yalian",CHN,86,421,488,01:27:07,07:42:44,06:45:22,16:30:42,1000,Ironman 140.6,Penghu,Taiwan,Asia,M,2017,20171001,taiwan,35-39
"Peng, Stanley",TWN,87,432,501,01:33:40,08:12:14,06:31:31,16:37:11,1000,Ironman 140.6,Penghu,Taiwan,Asia,M,2017,20171001,taiwan,35-39
"Yen, Ming Ku",TWN,88,441,510,01:29:29,07:25:33,07:15:59,16:45:03,1000,Ironman 140.6,Penghu,Taiwan,Asia,M,2017,20171001,taiwan,35-39
"Lin, Hsin Hung",TWN,89,447,517,01:58:26,07:58:50,06:34:39,16:47:19,1000,Ironman 140.6,Penghu,Taiwan,Asia,M,2017,20171001,taiwan,35-39
"Hsue, Bi Ren",TWN,90,456,527,01:58:31,07:02:17,07:31:50,16:54:39,1000,Ironman 140.6,Penghu,Taiwan,Asia,M,2017,20171001,taiwan,35-39
"Aspinall, Douglas",BLZ,---,---,---,---,---,---,DNF,---,Ironman 140.6,Penghu,Taiwan,Asia,M,2017,20171001,taiwan,35-39
"Chiu, Chi-Feng",TWN,---,---,---,01:30:51,07:40:20,---,DNF,---,Ironman 140.6,Penghu,Taiwan,Asia,M,2017,20171001,taiwan,35-39
"Fujita, Kunihiko",JPN,---,---,---,01:33:05,---,---,DNF,---,Ironman 140.6,Penghu,Taiwan,Asia,M,2017,20171001,taiwan,35-39
"Hsiao, Ming-Hsien",TWN,---,---,---,01:51:29,---,---,DNF,---,Ironman 140.6,Penghu,Taiwan,Asia,M,2017,20171001,taiwan,35-39
"Huang, Victor",TWN,---,---,---,01:46:53,06:54:40,---,DNF,---,Ironman 140.6,Penghu,Taiwan,Asia,M,2017,20171001,taiwan,35-39
"Huang, Water",TWN,---,---,---,02:09:00,04:49:03,---,DNF,---,Ironman 140.6,Penghu,Taiwan,Asia,M,2017,20171001,taiwan,35-39
"Kähkönen, Sami",FIN,---,---,---,01:04:53,05:57:28,---,DNF,---,Ironman 140.6,Penghu,Taiwan,Asia,M,2017,20171001,taiwan,35-39
"Lee, Kao Wei",TWN,---,---,---,---,---,---,DNS,---,Ironman 140.6,Penghu,Taiwan,Asia,M,2017,20171001,taiwan,35-39
"Lee, Ying Shuo",TWN,---,---,---,---,---,---,DNS,---,Ironman 140.6,Penghu,Taiwan,Asia,M,2017,20171001,taiwan,35-39
"Lee, Yuk Tong",HKG,---,---,---,---,---,---,DNS,---,Ironman 140.6,Penghu,Taiwan,Asia,M,2017,20171001,taiwan,35-39
"li, jinbo",CHN,---,---,---,01:08:44,06:14:10,---,DNF,---,Ironman 140.6,Penghu,Taiwan,Asia,M,2017,20171001,taiwan,35-39
"Li, Ka-Chao",TWN,---,---,---,---,---,---,DNS,---,Ironman 140.6,Penghu,Taiwan,Asia,M,2017,20171001,taiwan,35-39
"Liu, Liwei",TWN,---,---,---,01:57:15,---,---,DNF,---,Ironman 140.6,Penghu,Taiwan,Asia,M,2017,20171001,taiwan,35-39
"Nelson, Matt",AUS,---,---,---,---,---,---,DNS,---,Ironman 140.6,Penghu,Taiwan,Asia,M,2017,20171001,taiwan,35-39
"Prakitritanon, Swaek",THA,---,---,---,01:40:33,---,---,DNF,---,Ironman 140.6,Penghu,Taiwan,Asia,M,2017,20171001,taiwan,35-39
"Shen, Chang Fo",TWN,---,---,---,---,---,---,DNS,---,Ironman 140.6,Penghu,Taiwan,Asia,M,2017,20171001,taiwan,35-39
"Shigemori, Kenshi",JPN,---,---,---,01:38:04,07:30:12,---,DNF,---,Ironman 140.6,Penghu,Taiwan,Asia,M,2017,20171001,taiwan,35-39
"Ting, Chien-Yeh",TWN,---,---,---,01:42:29,---,---,DNF,---,Ironman 140.6,Penghu,Taiwan,Asia,M,2017,20171001,taiwan,35-39
"Wang, Chenggang",CHN,---,---,---,01:45:46,08:16:39,---,DNF,---,Ironman 140.6,Penghu,Taiwan,Asia,M,2017,20171001,taiwan,35-39
"Wong, Hon Phin",MYS,---,---,---,01:37:44,---,---,DNF,---,Ironman 140.6,Penghu,Taiwan,Asia,M,2017,20171001,taiwan,35-39
"Yang, Chao Hsiang",TWN,---,---,---,02:08:35,08:09:14,---,DNF,---,Ironman 140.6,Penghu,Taiwan,Asia,M,2017,20171001,taiwan,35-39
"Yang, Feng",CHN,---,---,---,01:39:31,08:29:52,---,DNF,---,Ironman 140.6,Penghu,Taiwan,Asia,M,2017,20171001,taiwan,35-39
"Yang, Sam",TWN,---,---,---,01:18:24,---,---,DNF,---,Ironman 140.6,Penghu,Taiwan,Asia,M,2017,20171001,taiwan,35-39
"ほり, けんじ",JPN,---,---,---,01:19:10,06:33:04,---,DNF,---,Ironman 140.6,Penghu,Taiwan,Asia,M,2017,20171001,taiwan,35-39
"王, 德荣",CHN,---,---,---,01:39:25,08:31:52,---,DNF,---,Ironman 140.6,Penghu,Taiwan,Asia,M,2017,20171001,taiwan,35-39
"Cheng, Chia-Hsuan",TWN,1,19,21,01:06:24,05:24:47,04:01:49,10:41:43,5000,Ironman 140.6,Penghu,Taiwan,Asia,M,2017,20171001,taiwan,40-44
"Tsai, Ming-Chi",TWN,2,21,23,01:18:23,05:19:20,04:06:32,10:50:15,4897,Ironman 140.6,Penghu,Taiwan,Asia,M,2017,20171001,taiwan,40-44
"Liang, Y-L",TWN,3,23,25,00:59:20,05:33:14,04:10:56,10:51:54,4877,Ironman 140.6,Penghu,Taiwan,Asia,M,2017,20171001,taiwan,40-44
"Yuen, Wong Siu",HKG,4,27,31,01:24:44,05:51:57,03:43:10,11:07:03,4696,Ironman 140.6,Penghu,Taiwan,Asia,M,2017,20171001,taiwan,40-44
"Chen, Yenkuang",TWN,5,30,34,01:16:10,05:35:42,04:09:52,11:12:42,4628,Ironman 140.6,Penghu,Taiwan,Asia,M,2017,20171001,taiwan,40-44
"Lai, Tsung-Hsin",TWN,6,40,45,01:23:06,05:34:36,04:18:15,11:23:39,4496,Ironman 140.6,Penghu,Taiwan,Asia,M,2017,20171001,taiwan,40-44
"Imaeda, Makoto",JPN,7,47,53,01:00:52,05:44:03,04:42:04,11:35:04,4359,Ironman 140.6,Penghu,Taiwan,Asia,M,2017,20171001,taiwan,40-44
"Lee, Mark",HKG,8,72,84,01:13:43,05:42:54,05:05:53,12:12:48,3907,Ironman 140.6,Penghu,Taiwan,Asia,M,2017,20171001,taiwan,40-44
"Takahara, Kenichiro",JPN,9,73,86,01:31:30,06:01:25,04:28:02,12:17:34,3849,Ironman 140.6,Penghu,Taiwan,Asia,M,2017,20171001,taiwan,40-44
"Zhu, Lei",CHN,10,76,89,01:04:32,06:17:23,04:42:31,12:20:04,3819,Ironman 140.6,Penghu,Taiwan,Asia,M,2017,20171001,taiwan,40-44
"Chang, Ali",CHN,11,80,94,01:18:11,05:54:22,04:59:55,12:23:40,3776,Ironman 140.6,Penghu,Taiwan,Asia,M,2017,20171001,taiwan,40-44
"Liu, Pang Chih",TWN,12,84,99,01:17:23,05:56:38,05:00:10,12:26:35,3741,Ironman 140.6,Penghu,Taiwan,Asia,M,2017,20171001,taiwan,40-44
"Richardson, Wayne",GBR,13,85,100,01:12:37,06:15:28,04:49:02,12:27:02,3736,Ironman 140.6,Penghu,Taiwan,Asia,M,2017,20171001,taiwan,40-44
"Cheng, Yuan-Wen",TWN,14,86,101,01:23:42,06:12:36,04:43:29,12:28:27,3719,Ironman 140.6,Penghu,Taiwan,Asia,M,2017,20171001,taiwan,40-44
"Liu, Chia Hsiang",TWN,15,97,114,01:27:55,05:51:36,04:59:33,12:39:19,3588,Ironman 140.6,Penghu,Taiwan,Asia,M,2017,20171001,taiwan,40-44
"Huang, Cheng-Hsiung",TWN,16,113,133,01:20:53,06:04:40,05:19:21,13:00:55,3329,Ironman 140.6,Penghu,Taiwan,Asia,M,2017,20171001,taiwan,40-44
"Degreef, Marcel",NLD,17,114,136,01:14:23,05:35:07,06:01:05,13:05:41,3272,Ironman 140.6,Penghu,Taiwan,Asia,M,2017,20171001,taiwan,40-44
"Yeung, Siu Kai Gary",HKG,18,116,139,01:16:01,06:35:28,05:00:44,13:07:25,3251,Ironman 140.6,Penghu,Taiwan,Asia,M,2017,20171001,taiwan,40-44
"Lai, Meng Hsiang",TWN,19,120,143,01:26:23,06:34:43,04:57:33,13:11:24,3203,Ironman 140.6,Penghu,Taiwan,Asia,M,2017,20171001,taiwan,40-44
"Mawdsley, Nicholas",HKG,20,126,149,01:06:18,05:57:15,06:00:50,13:16:30,3142,Ironman 140.6,Penghu,Taiwan,Asia,M,2017,20171001,taiwan,40-44
"Liu, Kexun",CHN,21,129,152,01:22:31,06:39:15,04:59:27,13:18:17,3121,Ironman 140.6,Penghu,Taiwan,Asia,M,2017,20171001,taiwan,40-44
"Katsuragi, Kenji",JPN,22,130,153,01:19:33,07:03:19,04:34:20,13:19:13,3110,Ironman 140.6,Penghu,Taiwan,Asia,M,2017,20171001,taiwan,40-44
"Aoki, Ken",JPN,23,135,159,01:31:33,06:38:21,05:04:33,13:26:44,3019,Ironman 140.6,Penghu,Taiwan,Asia,M,2017,20171001,taiwan,40-44
"Inoue, Kaname",JPN,24,145,172,01:13:01,06:37:10,05:15:36,13:33:52,2934,Ironman 140.6,Penghu,Taiwan,Asia,M,2017,20171001,taiwan,40-44
"Ding, Ted",TWN,25,150,180,01:22:53,06:20:56,05:44:55,13:38:28,2879,Ironman 140.6,Penghu,Taiwan,Asia,M,2017,20171001,taiwan,40-44
"Hsien, Min-Chun",TWN,26,151,181,01:27:30,06:14:23,05:43:55,13:38:39,2876,Ironman 140.6,Penghu,Taiwan,Asia,M,2017,20171001,taiwan,40-44
"Ideguchi, Toshifumi",JPN,27,166,199,01:35:24,06:45:27,05:09:58,13:52:10,2714,Ironman 140.6,Penghu,Taiwan,Asia,M,2017,20171001,taiwan,40-44
"Dobashi, Yuta",JPN,28,169,203,01:15:01,06:39:44,05:45:08,13:54:29,2686,Ironman 140.6,Penghu,Taiwan,Asia,M,2017,20171001,taiwan,40-44
"Liu, Zihe",CHN,29,170,204,01:32:45,06:02:58,06:05:58,13:55:36,2673,Ironman 140.6,Penghu,Taiwan,Asia,M,2017,20171001,taiwan,40-44
"Lien, Ming Kuei",TWN,30,179,216,01:39:46,06:45:03,05:28:46,14:05:52,2550,Ironman 140.6,Penghu,Taiwan,Asia,M,2017,20171001,taiwan,40-44
"Mak, Manfung",HKG,31,182,219,01:33:06,06:52:10,05:21:58,14:07:20,2532,Ironman 140.6,Penghu,Taiwan,Asia,M,2017,20171001,taiwan,40-44
"Liu, Yung",CHN,32,183,220,01:39:56,06:07:09,06:10:39,14:08:28,2519,Ironman 140.6,Penghu,Taiwan,Asia,M,2017,20171001,taiwan,40-44
"Da Veiga Fernandes, João Pedro",PRT,33,190,228,01:07:07,06:05:45,06:45:29,14:14:03,2452,Ironman 140.6,Penghu,Taiwan,Asia,M,2017,20171001,taiwan,40-44
"Chi Wai, Fong",HKG,34,192,230,01:32:57,07:10:39,05:09:43,14:15:35,2433,Ironman 140.6,Penghu,Taiwan,Asia,M,2017,20171001,taiwan,40-44
"Hou, Eddie",TWN,35,194,232,01:27:26,07:02:46,05:23:37,14:16:48,2419,Ironman 140.6,Penghu,Taiwan,Asia,M,2017,20171001,taiwan,40-44
"Ho, Chin Pin",TWN,36,197,237,01:52:07,06:42:39,05:24:34,14:19:57,2381,Ironman 140.6,Penghu,Taiwan,Asia,M,2017,20171001,taiwan,40-44
"Pang, Ping Chung",TWN,37,198,238,01:33:55,06:23:36,06:07:01,14:20:00,2380,Ironman 140.6,Penghu,Taiwan,Asia,M,2017,20171001,taiwan,40-44
"Garcia, Victor",AUS,38,201,244,01:07:10,07:10:27,05:50:42,14:22:58,2345,Ironman 140.6,Penghu,Taiwan,Asia,M,2017,20171001,taiwan,40-44
"Zhao, Yingjie",CHN,39,202,245,01:32:54,06:33:29,05:53:17,14:23:18,2341,Ironman 140.6,Penghu,Taiwan,Asia,M,2017,20171001,taiwan,40-44
"Liao, Yutsung",TWN,40,210,254,01:38:00,07:06:34,05:27:21,14:30:09,2258,Ironman 140.6,Penghu,Taiwan,Asia,M,2017,20171001,taiwan,40-44
"Yeh, Chang Ming",TWN,41,218,262,01:27:40,07:11:55,05:33:33,14:34:34,2205,Ironman 140.6,Penghu,Taiwan,Asia,M,2017,20171001,taiwan,40-44
"Wong, Man Kit",HKG,42,227,272,01:33:12,07:25:39,05:28:52,14:40:47,2131,Ironman 140.6,Penghu,Taiwan,Asia,M,2017,20171001,taiwan,40-44
"Wong, Kin Pun",HKG,43,228,273,01:39:38,07:15:06,05:27:50,14:41:18,2125,Ironman 140.6,Penghu,Taiwan,Asia,M,2017,20171001,taiwan,40-44
"Huang, Chun Hung",TWN,44,230,275,01:32:59,07:00:19,05:58:04,14:42:48,2107,Ironman 140.6,Penghu,Taiwan,Asia,M,2017,20171001,taiwan,40-44
"Flores, Amir",PHL,45,234,282,01:27:09,07:04:56,05:56:08,14:45:32,2074,Ironman 140.6,Penghu,Taiwan,Asia,M,2017,20171001,taiwan,40-44
"Liang, Bingxin",AUS,46,235,283,01:30:59,07:01:50,05:58:03,14:46:31,2062,Ironman 140.6,Penghu,Taiwan,Asia,M,2017,20171001,taiwan,40-44
"Toyoizumi, Satoshi",JPN,47,236,284,01:17:05,06:59:11,06:12:47,14:47:13,2054,Ironman 140.6,Penghu,Taiwan,Asia,M,2017,20171001,taiwan,40-44
"Takemura, Hiroshi",JPN,48,237,285,01:25:49,06:51:12,06:10:12,14:47:35,2049,Ironman 140.6,Penghu,Taiwan,Asia,M,2017,20171001,taiwan,40-44
"Huang, Ching Ruei",TWN,49,238,286,01:37:33,07:32:10,05:24:22,14:49:08,2031,Ironman 140.6,Penghu,Taiwan,Asia,M,2017,20171001,taiwan,40-44
"Shinozuka, Yoichi",JPN,50,240,288,01:47:16,06:47:57,05:50:42,14:49:17,2029,Ironman 140.6,Penghu,Taiwan,Asia,M,2017,20171001,taiwan,40-44
"Baiphowongse, Nuttanop",THA,51,244,293,01:49:45,06:29:24,06:07:21,14:50:49,2010,Ironman 140.6,Penghu,Taiwan,Asia,M,2017,20171001,taiwan,40-44
"Chang, Harry",TWN,52,246,295,01:39:58,06:10:23,06:45:21,14:50:58,2009,Ironman 140.6,Penghu,Taiwan,Asia,M,2017,20171001,taiwan,40-44
"Choong, Boon Joon",MYS,53,252,301,02:09:14,06:23:24,06:02:25,14:54:08,1971,Ironman 140.6,Penghu,Taiwan,Asia,M,2017,20171001,taiwan,40-44
"Nagatsuka, Jun",JPN,54,253,302,01:07:52,06:57:37,06:28:35,14:55:48,1951,Ironman 140.6,Penghu,Taiwan,Asia,M,2017,20171001,taiwan,40-44
"Rivera, Jonah",PHL,55,254,303,01:39:03,07:29:35,05:31:43,14:56:01,1948,Ironman 140.6,Penghu,Taiwan,Asia,M,2017,20171001,taiwan,40-44
"Hung, Chih-Hsiang",TWN,56,256,305,01:39:26,06:59:49,06:03:11,14:58:22,1920,Ironman 140.6,Penghu,Taiwan,Asia,M,2017,20171001,taiwan,40-44
"Huang, Ming Hsiang",TWN,57,277,329,01:27:41,07:24:04,06:02:15,15:16:37,1701,Ironman 140.6,Penghu,Taiwan,Asia,M,2017,20171001,taiwan,40-44
"Liao, Minhsiang",TWN,58,281,333,02:13:20,06:58:48,05:43:17,15:19:56,1661,Ironman 140.6,Penghu,Taiwan,Asia,M,2017,20171001,taiwan,40-44
"Hung, Pin-Shu",TWN,59,287,339,01:20:05,07:20:48,06:18:28,15:23:25,1619,Ironman 140.6,Penghu,Taiwan,Asia,M,2017,20171001,taiwan,40-44
"Jhan, Yi Fan",TWN,60,292,344,01:41:39,07:19:42,05:56:13,15:25:18,1597,Ironman 140.6,Penghu,Taiwan,Asia,M,2017,20171001,taiwan,40-44
"Oba, Yukihiro",JPN,61,294,346,01:20:23,07:22:31,06:19:13,15:26:32,1582,Ironman 140.6,Penghu,Taiwan,Asia,M,2017,20171001,taiwan,40-44
"Yang, Jui Hsun",TWN,62,299,352,01:24:13,08:01:56,05:43:51,15:29:43,1544,Ironman 140.6,Penghu,Taiwan,Asia,M,2017,20171001,taiwan,40-44
"Lubis, Hasbi",IDN,63,302,356,01:27:53,06:17:18,07:33:10,15:32:02,1516,Ironman 140.6,Penghu,Taiwan,Asia,M,2017,20171001,taiwan,40-44
"Wang, Yupeng",CHN,64,306,361,01:43:28,07:35:41,05:54:47,15:33:58,1493,Ironman 140.6,Penghu,Taiwan,Asia,M,2017,20171001,taiwan,40-44
"Fan, Xingyan",CHN,65,307,362,01:24:26,07:57:32,05:47:36,15:34:33,1486,Ironman 140.6,Penghu,Taiwan,Asia,M,2017,20171001,taiwan,40-44
"Lee, Ngai",HKG,66,308,363,01:41:15,07:30:43,05:55:28,15:35:49,1470,Ironman 140.6,Penghu,Taiwan,Asia,M,2017,20171001,taiwan,40-44
"Chen, Yu Chang",TWN,67,311,368,01:33:04,06:59:44,06:46:27,15:37:14,1453,Ironman 140.6,Penghu,Taiwan,Asia,M,2017,20171001,taiwan,40-44
"Xia, Qiang",CHN,68,312,369,01:49:21,07:31:01,05:51:29,15:37:45,1447,Ironman 140.6,Penghu,Taiwan,Asia,M,2017,20171001,taiwan,40-44
"Chang Chi, Hung",TWN,69,329,390,01:43:20,07:27:20,06:24:20,15:50:31,1294,Ironman 140.6,Penghu,Taiwan,Asia,M,2017,20171001,taiwan,40-44
"黄, 振宇",CHN,70,330,391,01:34:12,07:31:00,06:16:09,15:51:13,1286,Ironman 140.6,Penghu,Taiwan,Asia,M,2017,20171001,taiwan,40-44
"Hock Guan, Liaw",MYS,71,339,401,02:11:15,07:04:15,06:22:53,15:58:27,1199,Ironman 140.6,Penghu,Taiwan,Asia,M,2017,20171001,taiwan,40-44
"Teo, Felix",SGP,72,344,406,01:53:32,06:44:30,07:04:45,15:59:58,1181,Ironman 140.6,Penghu,Taiwan,Asia,M,2017,20171001,taiwan,40-44
"Goh, Wayne",SGP,73,345,407,01:42:33,06:19:37,07:41:15,16:00:04,1179,Ironman 140.6,Penghu,Taiwan,Asia,M,2017,20171001,taiwan,40-44
"Parrado, Rolando Ii",PHL,74,348,410,01:47:01,07:25:58,06:29:53,16:01:09,1166,Ironman 140.6,Penghu,Taiwan,Asia,M,2017,20171001,taiwan,40-44
"Lim, John",SGP,75,356,418,01:50:08,08:01:14,05:54:45,16:04:58,1121,Ironman 140.6,Penghu,Taiwan,Asia,M,2017,20171001,taiwan,40-44
"Chen, Daniel",TWN,76,359,421,01:51:59,07:45:21,06:04:34,16:06:16,1105,Ironman 140.6,Penghu,Taiwan,Asia,M,2017,20171001,taiwan,40-44
"Cagurangan, Jose Mari",PHL,77,361,423,01:53:33,07:03:29,06:56:23,16:08:46,1075,Ironman 140.6,Penghu,Taiwan,Asia,M,2017,20171001,taiwan,40-44
"Lee, Sy Chieh",SGP,78,364,426,01:24:40,08:07:41,06:09:44,16:09:55,1061,Ironman 140.6,Penghu,Taiwan,Asia,M,2017,20171001,taiwan,40-44
"Kuo, Hungyu",TWN,79,368,430,01:49:55,07:43:33,06:20:38,16:11:16,1045,Ironman 140.6,Penghu,Taiwan,Asia,M,2017,20171001,taiwan,40-44
"Alagao, Allan",PHL,80,373,436,01:36:57,08:11:00,06:07:25,16:15:08,1000,Ironman 140.6,Penghu,Taiwan,Asia,M,2017,20171001,taiwan,40-44
"Lee, Tai Ching",TWN,81,383,447,01:44:22,07:55:47,06:13:25,16:19:27,1000,Ironman 140.6,Penghu,Taiwan,Asia,M,2017,20171001,taiwan,40-44
"Wang, Teng-Yu",TWN,82,386,450,01:27:24,08:07:31,06:09:40,16:21:03,1000,Ironman 140.6,Penghu,Taiwan,Asia,M,2017,20171001,taiwan,40-44
"Li, Hsia-Hsin",TWN,83,387,451,01:37:47,07:50:52,06:39:04,16:21:19,1000,Ironman 140.6,Penghu,Taiwan,Asia,M,2017,20171001,taiwan,40-44
"sinyear, run",CHN,84,392,456,01:42:14,07:18:48,06:52:21,16:22:41,1000,Ironman 140.6,Penghu,Taiwan,Asia,M,2017,20171001,taiwan,40-44
"Wongthaworn, Nacha",THA,85,395,459,01:21:45,06:33:24,07:49:13,16:23:20,1000,Ironman 140.6,Penghu,Taiwan,Asia,M,2017,20171001,taiwan,40-44
"Chen, Kuo-Chih",TWN,86,398,462,01:42:08,07:26:11,06:59:59,16:24:01,1000,Ironman 140.6,Penghu,Taiwan,Asia,M,2017,20171001,taiwan,40-44
"Kwok, Kwan Yu",HKG,87,403,468,01:32:30,07:42:51,06:30:33,16:26:50,1000,Ironman 140.6,Penghu,Taiwan,Asia,M,2017,20171001,taiwan,40-44
"Hu, Haibo",CHN,88,409,475,01:44:07,08:16:54,05:54:15,16:27:27,1000,Ironman 140.6,Penghu,Taiwan,Asia,M,2017,20171001,taiwan,40-44
"Sunagawa, Koichi",JPN,89,413,479,01:40:49,07:13:14,06:42:11,16:28:30,1000,Ironman 140.6,Penghu,Taiwan,Asia,M,2017,20171001,taiwan,40-44
"Cheng, Ben",TWN,90,414,480,01:35:04,08:09:15,06:28:05,16:28:33,1000,Ironman 140.6,Penghu,Taiwan,Asia,M,2017,20171001,taiwan,40-44
"Tsui, Wai Yuen",HKG,91,415,481,01:33:00,08:10:18,06:17:53,16:28:34,1000,Ironman 140.6,Penghu,Taiwan,Asia,M,2017,20171001,taiwan,40-44
"Saito, Masato",JPN,92,416,483,01:30:32,08:13:59,06:24:17,16:29:24,1000,Ironman 140.6,Penghu,Taiwan,Asia,M,2017,20171001,taiwan,40-44
"Ku, Chen Ling",TWN,93,418,485,01:45:26,07:14:26,07:10:59,16:29:31,1000,Ironman 140.6,Penghu,Taiwan,Asia,M,2017,20171001,taiwan,40-44
"Pan, Marvin",TWN,94,437,506,01:38:43,08:03:32,06:36:45,16:40:42,1000,Ironman 140.6,Penghu,Taiwan,Asia,M,2017,20171001,taiwan,40-44
"Triwate, Pairush",THA,95,438,507,01:43:17,08:20:50,06:09:20,16:40:54,1000,Ironman 140.6,Penghu,Taiwan,Asia,M,2017,20171001,taiwan,40-44
"Arai, Tadashi",JPN,96,439,508,01:53:18,08:05:09,06:20:10,16:41:08,1000,Ironman 140.6,Penghu,Taiwan,Asia,M,2017,20171001,taiwan,40-44
"Miwa, Makoto",JPN,97,440,509,01:48:26,07:57:34,06:41:22,16:41:26,1000,Ironman 140.6,Penghu,Taiwan,Asia,M,2017,20171001,taiwan,40-44
"Chang, Chong Yie",TWN,---,---,---,---,---,---,DNS,---,Ironman 140.6,Penghu,Taiwan,Asia,M,2017,20171001,taiwan,40-44
"Chen, Harry",TWN,---,---,---,---,---,---,DNS,---,Ironman 140.6,Penghu,Taiwan,Asia,M,2017,20171001,taiwan,40-44
"Dai, Yiren",CHN,---,---,---,---,---,---,DNS,---,Ironman 140.6,Penghu,Taiwan,Asia,M,2017,20171001,taiwan,40-44
"Feng, Kuo-Chang",TWN,---,---,---,01:29:53,06:11:37,---,DNF,---,Ironman 140.6,Penghu,Taiwan,Asia,M,2017,20171001,taiwan,40-44
"Hsu, River",TWN,---,---,---,---,---,---,DNS,---,Ironman 140.6,Penghu,Taiwan,Asia,M,2017,20171001,taiwan,40-44
"Huang, Ching Li",TWN,---,---,---,01:56:05,---,---,DNF,---,Ironman 140.6,Penghu,Taiwan,Asia,M,2017,20171001,taiwan,40-44
"Iwata, Takanari",JPN,---,---,---,01:51:46,---,---,DNF,---,Ironman 140.6,Penghu,Taiwan,Asia,M,2017,20171001,taiwan,40-44
"Kato, Yoshihiro",JPN,---,---,---,---,---,---,DNF,---,Ironman 140.6,Penghu,Taiwan,Asia,M,2017,20171001,taiwan,40-44
"Ke, Hung Chang",TWN,---,---,---,01:51:09,08:32:44,---,DNF,---,Ironman 140.6,Penghu,Taiwan,Asia,M,2017,20171001,taiwan,40-44
"Kuo, Hao-Yun",TWN,---,---,---,---,---,---,DNS,---,Ironman 140.6,Penghu,Taiwan,Asia,M,2017,20171001,taiwan,40-44
"Lai, Hsiao Chun",TWN,---,---,---,01:12:48,---,---,DNF,---,Ironman 140.6,Penghu,Taiwan,Asia,M,2017,20171001,taiwan,40-44
"Liao, Chien Ming",TWN,---,---,---,01:49:17,07:05:14,---,DNF,---,Ironman 140.6,Penghu,Taiwan,Asia,M,2017,20171001,taiwan,40-44
"Liao, Kuo Liang",TWN,---,---,---,01:42:04,09:03:27,---,DNF,---,Ironman 140.6,Penghu,Taiwan,Asia,M,2017,20171001,taiwan,40-44
"Lu, Chun Yi",TWN,---,---,---,01:41:27,08:08:20,---,DNF,---,Ironman 140.6,Penghu,Taiwan,Asia,M,2017,20171001,taiwan,40-44
"Lyons, Mark Pearse",IRL,---,---,---,---,---,---,DNS,---,Ironman 140.6,Penghu,Taiwan,Asia,M,2017,20171001,taiwan,40-44
"Mohd Said, Rozaimi",MYS,---,---,---,02:03:29,07:41:50,---,DNF,---,Ironman 140.6,Penghu,Taiwan,Asia,M,2017,20171001,taiwan,40-44
"Munkhem, Navin",THA,---,---,---,01:35:59,---,---,DNF,---,Ironman 140.6,Penghu,Taiwan,Asia,M,2017,20171001,taiwan,40-44
"Na, Guijie",CHN,---,---,---,01:44:08,08:19:57,---,DNF,---,Ironman 140.6,Penghu,Taiwan,Asia,M,2017,20171001,taiwan,40-44
"Okano, Makoto",JPN,---,---,---,---,---,---,DNS,---,Ironman 140.6,Penghu,Taiwan,Asia,M,2017,20171001,taiwan,40-44
"Ong, Chee Kiong",MYS,---,---,---,01:40:34,07:14:59,---,DNF,---,Ironman 140.6,Penghu,Taiwan,Asia,M,2017,20171001,taiwan,40-44
"Poon, Ricky",HKG,---,---,---,---,---,---,DNS,---,Ironman 140.6,Penghu,Taiwan,Asia,M,2017,20171001,taiwan,40-44
"Trombini, Alessio",ITA,---,---,---,01:17:31,---,---,DNF,---,Ironman 140.6,Penghu,Taiwan,Asia,M,2017,20171001,taiwan,40-44
"Tsai, Hsieh-Che",TWN,---,---,---,01:31:43,08:06:33,---,DNF,---,Ironman 140.6,Penghu,Taiwan,Asia,M,2017,20171001,taiwan,40-44
"Wang, Cheng-Ming",TWN,---,---,---,01:38:07,---,---,DNF,---,Ironman 140.6,Penghu,Taiwan,Asia,M,2017,20171001,taiwan,40-44
"Wei, Li",TWN,---,---,---,---,---,---,DNS,---,Ironman 140.6,Penghu,Taiwan,Asia,M,2017,20171001,taiwan,40-44
"Weng, Ming Huang",TWN,---,---,---,01:50:06,08:13:02,---,DNF,---,Ironman 140.6,Penghu,Taiwan,Asia,M,2017,20171001,taiwan,40-44
"Wu, Chiachi",TWN,---,---,---,01:45:54,08:02:06,---,DNF,---,Ironman 140.6,Penghu,Taiwan,Asia,M,2017,20171001,taiwan,40-44
"Yeung, Wai Kin",HKG,---,---,---,01:21:59,---,---,DNF,---,Ironman 140.6,Penghu,Taiwan,Asia,M,2017,20171001,taiwan,40-44
"Yuya, Nakamichi",JPN,---,---,---,---,---,---,DNS,---,Ironman 140.6,Penghu,Taiwan,Asia,M,2017,20171001,taiwan,40-44
"Zimmermann, David",CHE,---,---,---,---,---,---,DNS,---,Ironman 140.6,Penghu,Taiwan,Asia,M,2017,20171001,taiwan,40-44
"Lepoittevin, Noel",REU,1,14,15,01:08:54,05:17:43,04:00:39,10:35:13,5000,Ironman 140.6,Penghu,Taiwan,Asia,M,2017,20171001,taiwan,45-49
"Ota, Hideki",JPN,2,17,19,01:05:26,05:25:30,03:59:21,10:39:08,4953,Ironman 140.6,Penghu,Taiwan,Asia,M,2017,20171001,taiwan,45-49
"Hsu, Yen Pin",TWN,3,24,28,01:03:14,05:39:04,04:08:32,10:58:48,4717,Ironman 140.6,Penghu,Taiwan,Asia,M,2017,20171001,taiwan,45-49
"Liao, Kuan Chih",TWN,4,25,29,01:11:57,05:10:03,04:32:00,11:03:29,4660,Ironman 140.6,Penghu,Taiwan,Asia,M,2017,20171001,taiwan,45-49
"Chen, Jian-Xun",TWN,5,26,30,01:06:30,05:40:19,04:09:02,11:04:03,4654,Ironman 140.6,Penghu,Taiwan,Asia,M,2017,20171001,taiwan,45-49
"Huang, Tsu Wen",TWN,6,37,42,01:24:51,05:32:23,04:11:36,11:18:52,4476,Ironman 140.6,Penghu,Taiwan,Asia,M,2017,20171001,taiwan,45-49
"Okubo, Naoya",JPN,7,48,54,01:05:34,05:46:07,04:34:28,11:35:07,4281,Ironman 140.6,Penghu,Taiwan,Asia,M,2017,20171001,taiwan,45-49
"Terazono, Michito",JPN,8,49,55,01:03:05,05:47:55,04:36:18,11:36:14,4267,Ironman 140.6,Penghu,Taiwan,Asia,M,2017,20171001,taiwan,45-49
"Tsai, Aaron",TWN,9,51,57,01:14:33,06:01:05,04:11:31,11:37:08,4257,Ironman 140.6,Penghu,Taiwan,Asia,M,2017,20171001,taiwan,45-49
"Saito, Jun",JPN,10,54,61,01:17:25,05:41:36,04:37:12,11:47:43,4130,Ironman 140.6,Penghu,Taiwan,Asia,M,2017,20171001,taiwan,45-49
"Hua, Lei",CHN,11,56,64,01:20:27,05:42:33,04:33:11,11:48:24,4121,Ironman 140.6,Penghu,Taiwan,Asia,M,2017,20171001,taiwan,45-49
"Kiya, Toru",JPN,12,57,65,01:03:13,05:48:27,04:38:38,11:48:49,4116,Ironman 140.6,Penghu,Taiwan,Asia,M,2017,20171001,taiwan,45-49
"Carfagno, Robbie",SGP,13,59,67,01:05:53,05:53:31,04:43:52,11:50:08,4101,Ironman 140.6,Penghu,Taiwan,Asia,M,2017,20171001,taiwan,45-49
"Tsui, Yi Chun",TWN,14,62,72,01:46:05,05:52:51,04:11:24,12:00:30,3976,Ironman 140.6,Penghu,Taiwan,Asia,M,2017,20171001,taiwan,45-49
"Liu, Shih Chang",TWN,15,68,79,01:29:29,05:57:19,04:32:30,12:08:54,3875,Ironman 140.6,Penghu,Taiwan,Asia,M,2017,20171001,taiwan,45-49
"Makoto, Ikeda",JPN,16,88,103,01:29:48,06:19:11,04:32:03,12:29:29,3628,Ironman 140.6,Penghu,Taiwan,Asia,M,2017,20171001,taiwan,45-49
"Kawahara, Hirokazu",JPN,17,91,107,01:14:38,05:52:49,05:17:47,12:34:09,3572,Ironman 140.6,Penghu,Taiwan,Asia,M,2017,20171001,taiwan,45-49
"Yang, Ning",CHN,18,93,109,01:20:31,05:57:13,05:09:50,12:35:36,3555,Ironman 140.6,Penghu,Taiwan,Asia,M,2017,20171001,taiwan,45-49
"Sugiyama, Muneyoshi",JPN,19,99,116,01:10:55,06:25:48,04:53:19,12:40:42,3494,Ironman 140.6,Penghu,Taiwan,Asia,M,2017,20171001,taiwan,45-49
"Ping Hung, Kao",TWN,20,106,124,01:33:28,06:25:45,04:27:04,12:50:41,3374,Ironman 140.6,Penghu,Taiwan,Asia,M,2017,20171001,taiwan,45-49
"Yu, Takeuchi",JPN,21,108,128,01:25:40,06:50:44,04:21:14,12:53:51,3336,Ironman 140.6,Penghu,Taiwan,Asia,M,2017,20171001,taiwan,45-49
"Liu, Jinsong",CHN,22,115,137,01:33:01,06:21:12,04:54:02,13:06:27,3185,Ironman 140.6,Penghu,Taiwan,Asia,M,2017,20171001,taiwan,45-49
"Shiraishi, Hiroki",JPN,23,119,142,01:08:02,06:53:18,04:57:36,13:11:16,3127,Ironman 140.6,Penghu,Taiwan,Asia,M,2017,20171001,taiwan,45-49
"Xiao, Zhiyong",CHN,24,122,145,01:29:25,06:28:34,04:57:35,13:12:13,3116,Ironman 140.6,Penghu,Taiwan,Asia,M,2017,20171001,taiwan,45-49
"Miyata, Masaaki",JPN,25,123,146,01:24:36,06:24:31,05:08:07,13:12:49,3108,Ironman 140.6,Penghu,Taiwan,Asia,M,2017,20171001,taiwan,45-49
"Kitamura, Hitoshi",JPN,26,125,148,01:01:48,06:14:54,05:44:56,13:16:16,3067,Ironman 140.6,Penghu,Taiwan,Asia,M,2017,20171001,taiwan,45-49
"Horwitz, Jeffrey",AUS,27,128,151,01:14:49,06:41:15,04:52:12,13:16:47,3061,Ironman 140.6,Penghu,Taiwan,Asia,M,2017,20171001,taiwan,45-49
"請川, 貴之",JPN,28,134,158,01:15:34,06:45:24,05:07:25,13:25:23,2958,Ironman 140.6,Penghu,Taiwan,Asia,M,2017,20171001,taiwan,45-49
"あおと, ともゆき",JPN,29,137,162,01:24:50,06:42:24,05:00:40,13:27:51,2928,Ironman 140.6,Penghu,Taiwan,Asia,M,2017,20171001,taiwan,45-49
"Kuettel, Lars",CHE,30,139,164,01:05:11,05:52:48,06:19:29,13:29:06,2913,Ironman 140.6,Penghu,Taiwan,Asia,M,2017,20171001,taiwan,45-49
"Cheng, Yu Jen",TWN,33,143,168,01:29:41,06:55:03,05:52:48,14:37:32,2092,Ironman 140.6,Penghu,Taiwan,Asia,M,2017,20171001,taiwan,45-49
"Noguchi, Makoto",JPN,31,153,183,01:36:05,07:20:43,04:15:12,13:38:54,2795,Ironman 140.6,Penghu,Taiwan,Asia,M,2017,20171001,taiwan,45-49
"Lopez, Lawrence",AUS,32,156,187,01:13:59,06:25:31,05:51:19,13:41:42,2762,Ironman 140.6,Penghu,Taiwan,Asia,M,2017,20171001,taiwan,45-49
"Letigio, Bouye Joseph",PHL,33,163,196,01:31:27,06:09:53,05:53:09,13:51:21,2646,Ironman 140.6,Penghu,Taiwan,Asia,M,2017,20171001,taiwan,45-49
"Liao, Ming-Yuan",TWN,34,171,205,01:36:00,06:28:12,05:30:50,13:56:00,2590,Ironman 140.6,Penghu,Taiwan,Asia,M,2017,20171001,taiwan,45-49
"Nose, Keita",JPN,35,173,208,01:14:49,06:35:41,05:55:28,13:59:11,2552,Ironman 140.6,Penghu,Taiwan,Asia,M,2017,20171001,taiwan,45-49
"Hayashida, Takushi",JPN,36,174,210,01:19:31,06:45:15,05:36:43,14:00:49,2532,Ironman 140.6,Penghu,Taiwan,Asia,M,2017,20171001,taiwan,45-49
"Kashiwagi, Taku",JPN,37,175,211,01:17:13,06:49:36,05:38:19,14:01:04,2529,Ironman 140.6,Penghu,Taiwan,Asia,M,2017,20171001,taiwan,45-49
"Cheung, Ka Ming Eddie",HKG,38,185,222,01:30:44,06:49:50,05:31:27,14:09:36,2427,Ironman 140.6,Penghu,Taiwan,Asia,M,2017,20171001,taiwan,45-49
"Huang, Chia Hung",CHN,39,203,246,01:26:37,06:55:44,05:38:55,14:23:45,2257,Ironman 140.6,Penghu,Taiwan,Asia,M,2017,20171001,taiwan,45-49
"Eade, Callum",NZL,40,219,263,01:12:45,06:45:31,06:25:55,14:34:54,2123,Ironman 140.6,Penghu,Taiwan,Asia,M,2017,20171001,taiwan,45-49
"Tsai, Ming Hong",TWN,42,222,267,01:17:34,06:19:40,06:45:33,14:37:34,2091,Ironman 140.6,Penghu,Taiwan,Asia,M,2017,20171001,taiwan,45-49
"Choon Kiet, Wong",MYS,43,226,271,01:45:18,06:47:54,05:51:13,14:40:34,2055,Ironman 140.6,Penghu,Taiwan,Asia,M,2017,20171001,taiwan,45-49
"Saavedra, Charley",PHL,44,233,281,01:38:00,07:00:54,05:43:00,14:45:24,1997,Ironman 140.6,Penghu,Taiwan,Asia,M,2017,20171001,taiwan,45-49
"Liao, Chang Te",TWN,45,243,291,01:08:16,05:52:18,07:32:49,14:50:27,1937,Ironman 140.6,Penghu,Taiwan,Asia,M,2017,20171001,taiwan,45-49
"Morioka, Masahiro",JPN,46,245,294,01:23:08,08:21:11,04:51:04,14:50:54,1931,Ironman 140.6,Penghu,Taiwan,Asia,M,2017,20171001,taiwan,45-49
"Lee, Chieh Hung",TWN,47,248,297,01:35:06,06:45:50,06:10:41,14:51:13,1928,Ironman 140.6,Penghu,Taiwan,Asia,M,2017,20171001,taiwan,45-49
"Hiruko, Naokazu",JPN,48,250,299,01:06:52,07:17:02,06:14:44,14:53:33,1900,Ironman 140.6,Penghu,Taiwan,Asia,M,2017,20171001,taiwan,45-49
"Hsu, Kung-Chun",TWN,49,257,306,01:33:25,06:46:08,06:23:41,14:59:28,1829,Ironman 140.6,Penghu,Taiwan,Asia,M,2017,20171001,taiwan,45-49
"Chu, Hsueh Hung",TWN,50,259,308,01:30:20,06:22:30,06:36:55,15:00:59,1810,Ironman 140.6,Penghu,Taiwan,Asia,M,2017,20171001,taiwan,45-49
"Ramos, Ray Anthony",PHL,51,260,309,01:32:26,07:36:27,05:35:21,15:02:32,1792,Ironman 140.6,Penghu,Taiwan,Asia,M,2017,20171001,taiwan,45-49
"Zhuang, Lu Jie",CHN,52,262,314,01:36:01,07:04:17,06:01:38,15:05:23,1758,Ironman 140.6,Penghu,Taiwan,Asia,M,2017,20171001,taiwan,45-49
"Tanaka, Koichi",JPN,53,263,315,01:35:59,06:44:48,06:21:58,15:06:41,1742,Ironman 140.6,Penghu,Taiwan,Asia,M,2017,20171001,taiwan,45-49
"Chung, Chih Ching",TWN,54,271,323,01:28:24,07:15:11,05:37:02,15:10:05,1701,Ironman 140.6,Penghu,Taiwan,Asia,M,2017,20171001,taiwan,45-49
"Chen, Tse-Chuan",TWN,55,273,325,01:09:39,07:57:54,05:47:36,15:13:20,1662,Ironman 140.6,Penghu,Taiwan,Asia,M,2017,20171001,taiwan,45-49
"Savellano, Eustaquio Jr.",PHL,56,280,332,01:27:17,07:19:11,06:14:37,15:18:25,1601,Ironman 140.6,Penghu,Taiwan,Asia,M,2017,20171001,taiwan,45-49
"​Tsai, ​Kun Hua",TWN,57,283,335,01:32:35,06:48:18,06:34:52,15:20:54,1571,Ironman 140.6,Penghu,Taiwan,Asia,M,2017,20171001,taiwan,45-49
"曾, 纪勇",CHN,58,301,354,02:10:00,07:25:13,05:38:34,15:31:04,1449,Ironman 140.6,Penghu,Taiwan,Asia,M,2017,20171001,taiwan,45-49
"Suzuki, Shinichiro",JPN,59,313,371,01:18:50,08:15:38,05:50:09,15:39:38,1347,Ironman 140.6,Penghu,Taiwan,Asia,M,2017,20171001,taiwan,45-49
"Pan, Wei Hsiung",TWN,60,324,383,01:20:02,06:51:11,07:22:55,15:45:54,1271,Ironman 140.6,Penghu,Taiwan,Asia,M,2017,20171001,taiwan,45-49
"Koto, Yuichi",JPN,61,341,403,01:31:35,06:52:19,07:11:36,15:58:57,1115,Ironman 140.6,Penghu,Taiwan,Asia,M,2017,20171001,taiwan,45-49
"Chen, Jen-Chieh",TWN,62,347,409,01:42:29,07:16:00,06:35:00,16:00:41,1094,Ironman 140.6,Penghu,Taiwan,Asia,M,2017,20171001,taiwan,45-49
"Tsurugi, Takuo",JPN,63,354,416,01:39:38,07:35:17,06:14:27,16:03:47,1057,Ironman 140.6,Penghu,Taiwan,Asia,M,2017,20171001,taiwan,45-49
"Shimobayashi, Masahiro",JPN,64,357,419,01:24:32,07:23:32,07:05:33,16:05:33,1036,Ironman 140.6,Penghu,Taiwan,Asia,M,2017,20171001,taiwan,45-49
"Lin, Shuping",CHN,65,360,422,01:35:26,07:45:29,06:19:48,16:08:06,1005,Ironman 140.6,Penghu,Taiwan,Asia,M,2017,20171001,taiwan,45-49
"Chang, Chin-Yuan",TWN,66,367,429,01:47:49,07:30:09,06:27:53,16:10:24,1000,Ironman 140.6,Penghu,Taiwan,Asia,M,2017,20171001,taiwan,45-49
"Tien, Jeng-Chieh",TWN,67,384,448,01:54:58,07:39:25,06:24:10,16:19:43,1000,Ironman 140.6,Penghu,Taiwan,Asia,M,2017,20171001,taiwan,45-49
"Jiang, Xiaowen",CHN,68,394,458,01:39:12,07:23:42,06:52:43,16:23:15,1000,Ironman 140.6,Penghu,Taiwan,Asia,M,2017,20171001,taiwan,45-49
"Weng, Chen-Fu",TWN,69,402,467,01:40:15,08:15:01,06:10:46,16:26:12,1000,Ironman 140.6,Penghu,Taiwan,Asia,M,2017,20171001,taiwan,45-49
"Archvarin, Soradej",THA,70,410,476,01:22:23,06:41:40,07:49:14,16:27:29,1000,Ironman 140.6,Penghu,Taiwan,Asia,M,2017,20171001,taiwan,45-49
"Hsu, Pin-Chao",TWN,71,425,493,01:48:59,07:48:09,06:36:24,16:33:59,1000,Ironman 140.6,Penghu,Taiwan,Asia,M,2017,20171001,taiwan,45-49
"Chen, Bill",TWN,72,426,494,01:43:23,07:54:18,06:31:05,16:34:07,1000,Ironman 140.6,Penghu,Taiwan,Asia,M,2017,20171001,taiwan,45-49
"Kusakabe, Taeshi",JPN,73,428,497,01:46:31,07:24:41,07:00:10,16:34:56,1000,Ironman 140.6,Penghu,Taiwan,Asia,M,2017,20171001,taiwan,45-49
"Kung, Lin Chih",TWN,74,429,498,01:41:30,07:27:44,06:56:30,16:35:23,1000,Ironman 140.6,Penghu,Taiwan,Asia,M,2017,20171001,taiwan,45-49
"Wang, Chun Chun",TWN,75,430,499,02:02:22,07:51:58,06:22:49,16:36:27,1000,Ironman 140.6,Penghu,Taiwan,Asia,M,2017,20171001,taiwan,45-49
"Hung, Likai",TWN,76,443,512,01:46:32,07:51:46,06:41:21,16:45:28,1000,Ironman 140.6,Penghu,Taiwan,Asia,M,2017,20171001,taiwan,45-49
"Kasahara, Kyoske",JPN,77,445,515,01:56:07,07:55:13,06:23:09,16:46:13,1000,Ironman 140.6,Penghu,Taiwan,Asia,M,2017,20171001,taiwan,45-49
"Benton, Mark",GBR,---,---,---,01:05:01,---,---,DNF,---,Ironman 140.6,Penghu,Taiwan,Asia,M,2017,20171001,taiwan,45-49
"Chen, Chi Ming",TWN,---,---,---,---,---,---,DNS,---,Ironman 140.6,Penghu,Taiwan,Asia,M,2017,20171001,taiwan,45-49
"Cheng, Sheng-Yung",TWN,---,---,---,---,---,---,DNF,---,Ironman 140.6,Penghu,Taiwan,Asia,M,2017,20171001,taiwan,45-49
"Cui, Yue",CHN,---,---,---,---,---,---,DNF,---,Ironman 140.6,Penghu,Taiwan,Asia,M,2017,20171001,taiwan,45-49
"Despierre, Arnaud",SGP,---,---,---,01:21:32,05:45:48,---,DNF,---,Ironman 140.6,Penghu,Taiwan,Asia,M,2017,20171001,taiwan,45-49
"Duval, Mark",AUS,---,---,---,---,---,---,DNS,---,Ironman 140.6,Penghu,Taiwan,Asia,M,2017,20171001,taiwan,45-49
"Gan, Patrick",PHL,---,---,---,---,---,---,DNS,---,Ironman 140.6,Penghu,Taiwan,Asia,M,2017,20171001,taiwan,45-49
"Hsieh, Ming Tung",CHN,---,---,---,01:42:05,---,---,DNF,---,Ironman 140.6,Penghu,Taiwan,Asia,M,2017,20171001,taiwan,45-49
"Kamata, Hiroshi",JPN,---,---,---,01:06:03,05:43:16,---,DNF,---,Ironman 140.6,Penghu,Taiwan,Asia,M,2017,20171001,taiwan,45-49
"Kaneko, Tadashi",JPN,---,---,---,01:50:47,---,---,DNF,---,Ironman 140.6,Penghu,Taiwan,Asia,M,2017,20171001,taiwan,45-49
"Kirchhoff, Ulrich",DEU,---,---,---,---,---,---,DNS,---,Ironman 140.6,Penghu,Taiwan,Asia,M,2017,20171001,taiwan,45-49
"Lee, Tang Pan",TWN,---,---,---,01:51:48,08:31:54,---,DNF,---,Ironman 140.6,Penghu,Taiwan,Asia,M,2017,20171001,taiwan,45-49
"Li, Chinghung",TWN,---,---,---,01:42:50,---,---,DNF,---,Ironman 140.6,Penghu,Taiwan,Asia,M,2017,20171001,taiwan,45-49
"Li, Zhanhai",CHN,---,---,---,---,---,---,DNS,---,Ironman 140.6,Penghu,Taiwan,Asia,M,2017,20171001,taiwan,45-49
"Lista, Ruejen",PHL,---,---,---,01:29:47,---,---,DNF,---,Ironman 140.6,Penghu,Taiwan,Asia,M,2017,20171001,taiwan,45-49
"Liu, Chien Hua",TWN,---,---,---,02:05:44,---,---,DNF,---,Ironman 140.6,Penghu,Taiwan,Asia,M,2017,20171001,taiwan,45-49
"Matsushita, Takuo",JPN,---,---,---,---,---,---,DNS,---,Ironman 140.6,Penghu,Taiwan,Asia,M,2017,20171001,taiwan,45-49
"Nagahama, Tetsuhiro",JPN,---,---,---,---,---,---,DNS,---,Ironman 140.6,Penghu,Taiwan,Asia,M,2017,20171001,taiwan,45-49
"Nagai, Shinji",JPN,---,---,---,---,---,---,DNS,---,Ironman 140.6,Penghu,Taiwan,Asia,M,2017,20171001,taiwan,45-49
"Okabayashi, Tamaki",AFG,---,---,---,01:16:01,07:27:41,---,DNF,---,Ironman 140.6,Penghu,Taiwan,Asia,M,2017,20171001,taiwan,45-49
"Peng, Ian",TWN,---,---,---,---,---,---,DNS,---,Ironman 140.6,Penghu,Taiwan,Asia,M,2017,20171001,taiwan,45-49
"Shiraishi, Yasuhisa",JPN,---,---,---,01:22:23,06:15:10,---,DNF,---,Ironman 140.6,Penghu,Taiwan,Asia,M,2017,20171001,taiwan,45-49
"Staas, Markus",DEU,---,---,---,01:22:32,06:48:03,---,DNF,---,Ironman 140.6,Penghu,Taiwan,Asia,M,2017,20171001,taiwan,45-49
"Tokumitsu, Yoshifumi",JPN,---,---,---,---,---,---,DNS,---,Ironman 140.6,Penghu,Taiwan,Asia,M,2017,20171001,taiwan,45-49
"Wood, Simon",GBR,---,---,---,00:57:38,---,---,DNF,---,Ironman 140.6,Penghu,Taiwan,Asia,M,2017,20171001,taiwan,45-49
"Yang, Kun Chung",TWN,---,---,---,---,---,---,DNS,---,Ironman 140.6,Penghu,Taiwan,Asia,M,2017,20171001,taiwan,45-49
"Dow, Stephen",GBR,1,42,48,01:05:39,05:46:40,04:29:29,11:29:55,5000,Ironman 140.6,Penghu,Taiwan,Asia,M,2017,20171001,taiwan,50-54
"Wakami, Satoki",JPN,2,46,52,01:09:35,05:28:51,04:44:47,11:33:50,4953,Ironman 140.6,Penghu,Taiwan,Asia,M,2017,20171001,taiwan,50-54
"Oda, Satoshi",JPN,3,53,60,01:07:14,05:53:37,04:34:46,11:44:56,4819,Ironman 140.6,Penghu,Taiwan,Asia,M,2017,20171001,taiwan,50-54
"Yu, Cheng-Hsiung",TWN,4,70,81,01:18:04,06:11:29,04:25:59,12:11:31,4500,Ironman 140.6,Penghu,Taiwan,Asia,M,2017,20171001,taiwan,50-54
"Narito, Kazuhiro",JPN,5,71,82,01:13:57,06:12:19,04:34:29,12:12:38,4487,Ironman 140.6,Penghu,Taiwan,Asia,M,2017,20171001,taiwan,50-54
"Onohara, Isao",JPN,6,74,87,01:12:17,06:20:59,04:37:33,12:18:25,4418,Ironman 140.6,Penghu,Taiwan,Asia,M,2017,20171001,taiwan,50-54
"Setsuya, Otani",JPN,7,77,90,01:10:33,06:09:29,04:46:21,12:20:11,4396,Ironman 140.6,Penghu,Taiwan,Asia,M,2017,20171001,taiwan,50-54
"Oigo, Kazuhide",JPN,8,79,92,01:04:27,05:47:42,05:18:19,12:22:01,4374,Ironman 140.6,Penghu,Taiwan,Asia,M,2017,20171001,taiwan,50-54
"Maters, Frank",NLD,9,104,122,01:18:36,05:49:08,05:27:41,12:47:57,4063,Ironman 140.6,Penghu,Taiwan,Asia,M,2017,20171001,taiwan,50-54
"Yeh, Chang-Yuan",TWN,10,107,127,01:18:34,06:32:11,04:48:22,12:53:50,3993,Ironman 140.6,Penghu,Taiwan,Asia,M,2017,20171001,taiwan,50-54
"Lynn, Frank",TWN,11,109,129,01:14:53,06:18:46,05:07:34,12:55:25,3974,Ironman 140.6,Penghu,Taiwan,Asia,M,2017,20171001,taiwan,50-54
"Nojiri, Kojiro",JPN,12,138,163,01:17:23,07:22:46,04:31:47,13:28:44,3574,Ironman 140.6,Penghu,Taiwan,Asia,M,2017,20171001,taiwan,50-54
"Mizushima, Toru",JPN,13,176,212,01:23:07,06:47:52,05:35:48,14:01:17,3183,Ironman 140.6,Penghu,Taiwan,Asia,M,2017,20171001,taiwan,50-54
"Suzuki, Motonori",JPN,14,177,214,01:06:39,06:17:00,06:23:42,14:04:09,3149,Ironman 140.6,Penghu,Taiwan,Asia,M,2017,20171001,taiwan,50-54
"Shimamura, Masatsugu",JPN,15,178,215,01:16:37,06:21:52,06:09:01,14:04:18,3147,Ironman 140.6,Penghu,Taiwan,Asia,M,2017,20171001,taiwan,50-54
"Taniguchi, Hiroyasu",JPN,16,213,257,01:21:04,06:51:48,06:00:55,14:33:30,2797,Ironman 140.6,Penghu,Taiwan,Asia,M,2017,20171001,taiwan,50-54
"Aoyagi, Masaichi",JPN,17,214,258,01:19:48,07:02:19,05:50:14,14:33:45,2794,Ironman 140.6,Penghu,Taiwan,Asia,M,2017,20171001,taiwan,50-54
"Nakano, Naoki",JPN,18,217,261,01:36:59,07:00:25,05:40:18,14:34:28,2785,Ironman 140.6,Penghu,Taiwan,Asia,M,2017,20171001,taiwan,50-54
"Lin, Ming Jen",TWN,19,224,269,01:48:00,06:45:22,05:45:19,14:38:44,2734,Ironman 140.6,Penghu,Taiwan,Asia,M,2017,20171001,taiwan,50-54
"Vidal, Ronald Raymund",PHL,20,239,287,01:26:55,07:01:53,06:05:58,14:49:09,2609,Ironman 140.6,Penghu,Taiwan,Asia,M,2017,20171001,taiwan,50-54
"Koda, Ritsubun",JPN,21,249,298,01:16:19,06:51:33,06:29:50,14:53:27,2557,Ironman 140.6,Penghu,Taiwan,Asia,M,2017,20171001,taiwan,50-54
"Takikawa, Jiro",JPN,22,270,322,01:16:54,08:07:52,05:29:54,15:09:34,2364,Ironman 140.6,Penghu,Taiwan,Asia,M,2017,20171001,taiwan,50-54
"Li, Jen Hui",TWN,23,279,331,01:40:05,07:10:07,05:52:10,15:17:53,2264,Ironman 140.6,Penghu,Taiwan,Asia,M,2017,20171001,taiwan,50-54
"Leung, Kin Keung Vincent",HKG,24,285,337,01:31:37,07:32:23,05:55:42,15:22:07,2213,Ironman 140.6,Penghu,Taiwan,Asia,M,2017,20171001,taiwan,50-54
"Billingham, James",GBR,25,289,341,01:27:21,07:04:23,06:38:35,15:23:35,2196,Ironman 140.6,Penghu,Taiwan,Asia,M,2017,20171001,taiwan,50-54
"Hsu, Meng Chou",TWN,26,297,349,01:32:02,07:16:04,06:11:49,15:27:48,2145,Ironman 140.6,Penghu,Taiwan,Asia,M,2017,20171001,taiwan,50-54
"Mizumoto, Koichi",JPN,27,305,360,01:19:03,07:24:10,06:32:23,15:33:20,2079,Ironman 140.6,Penghu,Taiwan,Asia,M,2017,20171001,taiwan,50-54
"Yu, Guann-Hwa",TWN,28,309,366,01:46:38,07:18:44,06:05:44,15:37:01,2034,Ironman 140.6,Penghu,Taiwan,Asia,M,2017,20171001,taiwan,50-54
"Nishi, Tomoyuki",JPN,29,310,367,01:27:01,07:47:16,05:56:23,15:37:12,2032,Ironman 140.6,Penghu,Taiwan,Asia,M,2017,20171001,taiwan,50-54
"Koinuma, Yoshihito",JPN,30,325,386,01:17:49,07:43:45,06:24:29,15:47:31,1908,Ironman 140.6,Penghu,Taiwan,Asia,M,2017,20171001,taiwan,50-54
"Nishida, Eiji",JPN,31,342,404,01:29:48,07:25:11,06:47:43,15:59:00,1771,Ironman 140.6,Penghu,Taiwan,Asia,M,2017,20171001,taiwan,50-54
"Hu, Chien-Fong",TWN,32,346,408,01:37:59,07:38:41,06:21:57,16:00:26,1753,Ironman 140.6,Penghu,Taiwan,Asia,M,2017,20171001,taiwan,50-54
"Hsieh, Hsing Yang",TWN,33,369,431,02:06:59,07:13:28,06:22:00,16:12:11,1612,Ironman 140.6,Penghu,Taiwan,Asia,M,2017,20171001,taiwan,50-54
"Sudo, Takehiko",JPN,34,375,438,01:29:42,06:55:12,07:31:08,16:16:12,1564,Ironman 140.6,Penghu,Taiwan,Asia,M,2017,20171001,taiwan,50-54
"Jimenez, Antonio",PHL,35,376,440,01:58:48,07:24:39,06:32:57,16:17:17,1551,Ironman 140.6,Penghu,Taiwan,Asia,M,2017,20171001,taiwan,50-54
"Wang, Dequan",CHN,36,385,449,01:45:02,07:46:31,06:14:17,16:20:15,1516,Ironman 140.6,Penghu,Taiwan,Asia,M,2017,20171001,taiwan,50-54
"Kop, Johnee",AUS,37,396,460,01:30:38,07:55:05,06:37:37,16:23:42,1474,Ironman 140.6,Penghu,Taiwan,Asia,M,2017,20171001,taiwan,50-54
"Zhang, Jim",AUS,38,397,461,01:34:40,07:54:11,06:36:07,16:23:52,1472,Ironman 140.6,Penghu,Taiwan,Asia,M,2017,20171001,taiwan,50-54
"Ward, Cliff",GBR,39,411,477,01:27:23,08:12:18,06:31:43,16:27:47,1425,Ironman 140.6,Penghu,Taiwan,Asia,M,2017,20171001,taiwan,50-54
"Wu, Wan-Jao",TWN,40,412,478,01:33:43,07:13:17,07:16:10,16:28:13,1420,Ironman 140.6,Penghu,Taiwan,Asia,M,2017,20171001,taiwan,50-54
"Akita, Takaki",JPN,41,423,491,01:44:40,07:48:04,06:41:29,16:32:48,1365,Ironman 140.6,Penghu,Taiwan,Asia,M,2017,20171001,taiwan,50-54
"Saito, Yasuhiro",JPN,42,434,503,01:10:35,06:42:34,08:01:30,16:38:21,1298,Ironman 140.6,Penghu,Taiwan,Asia,M,2017,20171001,taiwan,50-54
"Kato, Kenji",JPN,43,435,504,01:24:21,07:26:41,07:30:49,16:38:31,1296,Ironman 140.6,Penghu,Taiwan,Asia,M,2017,20171001,taiwan,50-54
"Jonas, Jeff",AUS,44,444,513,01:30:34,07:44:04,07:10:23,16:45:38,1211,Ironman 140.6,Penghu,Taiwan,Asia,M,2017,20171001,taiwan,50-54
"Nagata, Yoshiro",JPN,45,450,520,01:16:30,06:52:02,08:19:57,16:49:33,1164,Ironman 140.6,Penghu,Taiwan,Asia,M,2017,20171001,taiwan,50-54
"Wang, Chun-Chiang",TWN,46,451,521,01:44:43,08:07:41,06:39:04,16:50:13,1156,Ironman 140.6,Penghu,Taiwan,Asia,M,2017,20171001,taiwan,50-54
"Arai, Makoto",JPN,---,---,---,---,---,---,DNS,---,Ironman 140.6,Penghu,Taiwan,Asia,M,2017,20171001,taiwan,50-54
"Chu, Kwok Keung Eric",HKG,---,---,---,01:37:24,---,---,DNF,---,Ironman 140.6,Penghu,Taiwan,Asia,M,2017,20171001,taiwan,50-54
"Feng, Wen-Sheng",TWN,---,---,---,01:22:11,---,---,DNF,---,Ironman 140.6,Penghu,Taiwan,Asia,M,2017,20171001,taiwan,50-54
"Feuerhahn, Martin",DEU,---,---,---,---,---,---,DNS,---,Ironman 140.6,Penghu,Taiwan,Asia,M,2017,20171001,taiwan,50-54
"Hikoi, Hirotaka",JPN,---,---,---,---,---,---,DNS,---,Ironman 140.6,Penghu,Taiwan,Asia,M,2017,20171001,taiwan,50-54
"Ide, Manabu",JPN,---,---,---,01:10:06,---,---,DNF,---,Ironman 140.6,Penghu,Taiwan,Asia,M,2017,20171001,taiwan,50-54
"Kuge, Nobuyuki",JPN,---,---,---,01:42:31,---,---,DNF,---,Ironman 140.6,Penghu,Taiwan,Asia,M,2017,20171001,taiwan,50-54
"Norihito, Tanno",JPN,---,---,---,---,---,---,DNS,---,Ironman 140.6,Penghu,Taiwan,Asia,M,2017,20171001,taiwan,50-54
"Pautard, Stéphane",FRA,---,---,---,01:23:01,---,---,DNF,---,Ironman 140.6,Penghu,Taiwan,Asia,M,2017,20171001,taiwan,50-54
"Schlums, Christian",DEU,---,---,---,01:43:14,05:59:57,---,DNF,---,Ironman 140.6,Penghu,Taiwan,Asia,M,2017,20171001,taiwan,50-54
"Tan, Shaun",GBR,---,---,---,01:48:04,06:22:18,---,DNF,---,Ironman 140.6,Penghu,Taiwan,Asia,M,2017,20171001,taiwan,50-54
"Yamazaki, Tomohiro",JPN,---,---,---,01:42:43,---,---,DNF,---,Ironman 140.6,Penghu,Taiwan,Asia,M,2017,20171001,taiwan,50-54
"Yeh, Fu-Kai",TWN,---,---,---,01:52:12,05:25:02,---,DNF,---,Ironman 140.6,Penghu,Taiwan,Asia,M,2017,20171001,taiwan,50-54
"Yeh, Shih Chi",TWN,---,---,---,01:43:05,---,---,DNF,---,Ironman 140.6,Penghu,Taiwan,Asia,M,2017,20171001,taiwan,50-54
"Shimizu, Masato",JPN,1,38,43,01:13:38,05:51:44,04:04:08,11:19:45,5000,Ironman 140.6,Penghu,Taiwan,Asia,M,2017,20171001,taiwan,55-59
"Ikeda, Tomoshige",JPN,2,55,62,01:14:04,06:21:01,04:04:50,11:47:49,4663,Ironman 140.6,Penghu,Taiwan,Asia,M,2017,20171001,taiwan,55-59
"Liao, Mu-Lin",TWN,3,63,73,01:27:27,05:38:03,04:49:46,12:00:33,4510,Ironman 140.6,Penghu,Taiwan,Asia,M,2017,20171001,taiwan,55-59
"Tsukagoshi, Tatsuya",JPN,4,75,88,01:16:16,06:13:47,04:35:46,12:18:41,4292,Ironman 140.6,Penghu,Taiwan,Asia,M,2017,20171001,taiwan,55-59
"Futaki, Akihiko",JPN,5,92,108,01:30:56,06:21:43,04:34:09,12:34:56,4097,Ironman 140.6,Penghu,Taiwan,Asia,M,2017,20171001,taiwan,55-59
"Ishikawa, Makoto",JPN,6,118,141,01:26:43,06:29:10,05:01:41,13:10:44,3668,Ironman 140.6,Penghu,Taiwan,Asia,M,2017,20171001,taiwan,55-59
"Shiji, Katsumi",JPN,7,184,221,01:16:38,07:13:47,05:25:34,14:09:22,2964,Ironman 140.6,Penghu,Taiwan,Asia,M,2017,20171001,taiwan,55-59
"Khuong, Dinh Thang",VNM,8,188,226,01:34:18,06:32:09,05:48:37,14:10:54,2946,Ironman 140.6,Penghu,Taiwan,Asia,M,2017,20171001,taiwan,55-59
"Sugimura, Yasunori",JPN,9,195,235,01:20:07,06:31:41,06:15:04,14:19:03,2848,Ironman 140.6,Penghu,Taiwan,Asia,M,2017,20171001,taiwan,55-59
"Kano, Hiroyuki",JPN,10,206,249,01:43:35,06:50:45,05:35:46,14:25:16,2773,Ironman 140.6,Penghu,Taiwan,Asia,M,2017,20171001,taiwan,55-59
"Takeda, Toyomi",JPN,11,216,260,01:45:45,07:51:28,04:39:17,14:34:09,2667,Ironman 140.6,Penghu,Taiwan,Asia,M,2017,20171001,taiwan,55-59
"Azumi, Masahiro",JPN,12,265,317,01:35:11,07:14:14,05:57:45,15:07:27,2267,Ironman 140.6,Penghu,Taiwan,Asia,M,2017,20171001,taiwan,55-59
"Hsieh, Alvin",TWN,13,269,321,01:37:58,07:11:56,05:42:47,15:08:27,2255,Ironman 140.6,Penghu,Taiwan,Asia,M,2017,20171001,taiwan,55-59
"Veto, William",PHL,14,298,351,01:26:14,07:19:57,06:22:22,15:28:57,2009,Ironman 140.6,Penghu,Taiwan,Asia,M,2017,20171001,taiwan,55-59
"Kozai, Shunichiro",JPN,15,318,377,01:38:39,08:02:08,05:42:46,15:43:57,1829,Ironman 140.6,Penghu,Taiwan,Asia,M,2017,20171001,taiwan,55-59
"Inuzuka, Kazuhiko",JPN,16,337,399,01:46:56,06:36:03,07:04:17,15:57:45,1664,Ironman 140.6,Penghu,Taiwan,Asia,M,2017,20171001,taiwan,55-59
"Imai, Kazunori",JPN,17,351,413,01:24:31,07:25:52,06:39:14,16:02:56,1601,Ironman 140.6,Penghu,Taiwan,Asia,M,2017,20171001,taiwan,55-59
"Matsumoto, Hiroyuki",JPN,18,365,427,01:24:40,07:18:18,07:06:31,16:10:01,1516,Ironman 140.6,Penghu,Taiwan,Asia,M,2017,20171001,taiwan,55-59
"Alvarez Gonzalez, Luis Edgardo",MEX,19,446,516,01:11:04,08:06:25,07:05:07,16:46:43,1076,Ironman 140.6,Penghu,Taiwan,Asia,M,2017,20171001,taiwan,55-59
"Ucang, Danilo",PHL,20,453,524,01:53:03,08:06:18,06:20:53,16:52:30,1007,Ironman 140.6,Penghu,Taiwan,Asia,M,2017,20171001,taiwan,55-59
"Arnold, David",AUS,---,---,---,01:09:07,---,---,DNF,---,Ironman 140.6,Penghu,Taiwan,Asia,M,2017,20171001,taiwan,55-59
"Cho, Jung Hyun",KOR,---,---,---,01:10:15,05:36:22,---,DNF,---,Ironman 140.6,Penghu,Taiwan,Asia,M,2017,20171001,taiwan,55-59
"Fukumoto, Yoshimi",JPN,---,---,---,01:29:22,---,---,DNF,---,Ironman 140.6,Penghu,Taiwan,Asia,M,2017,20171001,taiwan,55-59
"Kanda, Hidehito",JPN,---,---,---,---,---,---,DNS,---,Ironman 140.6,Penghu,Taiwan,Asia,M,2017,20171001,taiwan,55-59
"Lin, Tsung-Hung",TWN,---,---,---,01:35:26,---,---,DNF,---,Ironman 140.6,Penghu,Taiwan,Asia,M,2017,20171001,taiwan,55-59
"Lu, Yu Ting",TWN,---,---,---,01:14:48,07:14:07,---,DNF,---,Ironman 140.6,Penghu,Taiwan,Asia,M,2017,20171001,taiwan,55-59
"Nomoto, Tetsuro",JPN,---,---,---,---,---,---,DNS,---,Ironman 140.6,Penghu,Taiwan,Asia,M,2017,20171001,taiwan,55-59
"Okada, Mamoru",JPN,---,---,---,01:49:01,08:28:59,---,DNF,---,Ironman 140.6,Penghu,Taiwan,Asia,M,2017,20171001,taiwan,55-59
"Shotani, Takuji",JPN,---,---,---,---,---,---,DNS,---,Ironman 140.6,Penghu,Taiwan,Asia,M,2017,20171001,taiwan,55-59
"Watano, Kiyoharu",JPN,---,---,---,01:17:43,06:47:10,---,DNF,---,Ironman 140.6,Penghu,Taiwan,Asia,M,2017,20171001,taiwan,55-59
"Akahama, Koji",JPN,1,50,56,01:12:16,06:10:59,04:03:22,11:36:56,5000,Ironman 140.6,Penghu,Taiwan,Asia,M,2017,20171001,taiwan,60-64
"Takashima, Susumu",JPN,2,103,121,01:23:22,06:35:28,04:37:29,12:47:15,4156,Ironman 140.6,Penghu,Taiwan,Asia,M,2017,20171001,taiwan,60-64
"Yasukawa, Tatsuro",JPN,3,131,154,01:29:52,06:36:44,04:55:36,13:19:33,3768,Ironman 140.6,Penghu,Taiwan,Asia,M,2017,20171001,taiwan,60-64
"Wortelboer, Willehard",NLD,4,164,197,01:19:33,06:29:33,05:50:10,13:51:25,3386,Ironman 140.6,Penghu,Taiwan,Asia,M,2017,20171001,taiwan,60-64
"Xie, Yang",CHN,5,211,255,01:32:45,07:21:18,05:23:23,14:32:35,2892,Ironman 140.6,Penghu,Taiwan,Asia,M,2017,20171001,taiwan,60-64
"Nakagawa, Takashi",JPN,6,303,358,01:23:57,06:53:46,06:52:46,15:32:43,2170,Ironman 140.6,Penghu,Taiwan,Asia,M,2017,20171001,taiwan,60-64
"Hiraizumi, Yutaka",JPN,7,378,442,01:31:16,07:52:11,06:29:13,16:17:35,1632,Ironman 140.6,Penghu,Taiwan,Asia,M,2017,20171001,taiwan,60-64
"Okui, Jun",JPN,8,381,445,01:36:57,07:17:31,07:06:02,16:19:08,1613,Ironman 140.6,Penghu,Taiwan,Asia,M,2017,20171001,taiwan,60-64
"Kudo, Nobuhito",JPN,9,390,454,01:27:17,08:20:55,06:11:42,16:22:27,1573,Ironman 140.6,Penghu,Taiwan,Asia,M,2017,20171001,taiwan,60-64
"Aoki, Tetsuya",JPN,10,424,492,01:31:52,08:25:05,06:21:05,16:33:45,1438,Ironman 140.6,Penghu,Taiwan,Asia,M,2017,20171001,taiwan,60-64
"Chen, An-Cheng",TWN,---,---,---,01:38:33,08:07:33,---,DNF,---,Ironman 140.6,Penghu,Taiwan,Asia,M,2017,20171001,taiwan,60-64
"Lee, Chi Wen",TWN,---,---,---,---,---,---,DNS,---,Ironman 140.6,Penghu,Taiwan,Asia,M,2017,20171001,taiwan,60-64
"Leung, Kam Shing",HKG,---,---,---,01:47:47,---,---,DNF,---,Ironman 140.6,Penghu,Taiwan,Asia,M,2017,20171001,taiwan,60-64
"Suzuki, Kazuhisa",JPN,---,---,---,01:33:28,07:01:52,---,DNF,---,Ironman 140.6,Penghu,Taiwan,Asia,M,2017,20171001,taiwan,60-64
"Okazaki, Yuichi",JPN,1,144,170,01:30:48,07:02:23,04:45:34,13:31:58,5000,Ironman 140.6,Penghu,Taiwan,Asia,M,2017,20171001,taiwan,65-69
"Onozuka, Takashi",JPN,2,191,229,01:42:08,07:30:40,04:42:26,14:14:51,4485,Ironman 140.6,Penghu,Taiwan,Asia,M,2017,20171001,taiwan,65-69
"Shen, Shangen",CHN,3,242,290,01:40:53,06:53:30,05:57:23,14:49:50,4065,Ironman 140.6,Penghu,Taiwan,Asia,M,2017,20171001,taiwan,65-69
"Itokazu, Tetsu",JPN,4,258,307,01:21:11,07:04:39,06:06:49,14:59:39,3947,Ironman 140.6,Penghu,Taiwan,Asia,M,2017,20171001,taiwan,65-69
"Tsushima, Tatsuya",JPN,5,320,379,01:41:24,07:10:25,06:32:33,15:45:04,3402,Ironman 140.6,Penghu,Taiwan,Asia,M,2017,20171001,taiwan,65-69
"Namai, Nobuo",JPN,6,322,381,01:44:28,07:39:55,06:03:39,15:45:31,3397,Ironman 140.6,Penghu,Taiwan,Asia,M,2017,20171001,taiwan,65-69
"Irvin, Eugene",AUS,7,436,505,01:32:01,08:04:15,06:41:26,16:38:48,2758,Ironman 140.6,Penghu,Taiwan,Asia,M,2017,20171001,taiwan,65-69
"Makimoto, Fukashi",JPN,8,454,525,01:34:06,07:58:31,07:05:26,16:53:29,2581,Ironman 140.6,Penghu,Taiwan,Asia,M,2017,20171001,taiwan,65-69
"Kumamoto, Toru",JPN,---,---,---,01:33:04,08:27:43,---,DNF,---,Ironman 140.6,Penghu,Taiwan,Asia,M,2017,20171001,taiwan,65-69
"Nakanishi, Shinichi",JPN,---,---,---,01:24:48,---,---,DNF,---,Ironman 140.6,Penghu,Taiwan,Asia,M,2017,20171001,taiwan,65-69
"Nara, Kaneyoshi",JPN,---,---,---,01:37:35,07:14:51,---,DNF,---,Ironman 140.6,Penghu,Taiwan,Asia,M,2017,20171001,taiwan,65-69
"Oishi, Kazutoshi",JPN,---,---,---,01:39:53,---,---,DNF,---,Ironman 140.6,Penghu,Taiwan,Asia,M,2017,20171001,taiwan,65-69
"Watanabe, Masayoshi",JPN,---,---,---,01:36:51,---,---,DNF,---,Ironman 140.6,Penghu,Taiwan,Asia,M,2017,20171001,taiwan,65-69
"Hashimoto, Takio",JPN,1,168,202,01:29:30,06:49:17,05:20:01,13:54:07,5000,Ironman 140.6,Penghu,Taiwan,Asia,M,2017,20171001,taiwan,70-74
"Kadota, Masaru",JPN,2,455,526,01:47:47,08:14:44,06:29:26,16:54:28,2835,Ironman 140.6,Penghu,Taiwan,Asia,M,2017,20171001,taiwan,70-74
"Fujimori, Kenji",JPN,---,---,---,01:41:59,07:47:00,---,DNF,---,Ironman 140.6,Penghu,Taiwan,Asia,M,2017,20171001,taiwan,70-74
"Ikeda, Yoshiya",JPN,---,---,---,01:51:06,---,---,DNF,---,Ironman 140.6,Penghu,Taiwan,Asia,M,2017,20171001,taiwan,70-74
"Kim, Byongdoo",KOR,---,---,---,---,---,---,DNS,---,Ironman 140.6,Penghu,Taiwan,Asia,M,2017,20171001,taiwan,70-74
"Maeda, Hiroyuki",JPN,---,---,---,01:34:47,07:29:49,---,DNF,---,Ironman 140.6,Penghu,Taiwan,Asia,M,2017,20171001,taiwan,70-74
"Nakachima, Mamoru",JPN,1,370,433,01:47:50,08:17:22,05:50:44,16:14:10,5000,Ironman 140.6,Penghu,Taiwan,Asia,M,2017,20171001,taiwan,75-79
"Taki, Toyomi",AFG,---,---,---,01:34:02,---,---,DNF,---,Ironman 140.6,Penghu,Taiwan,Asia,M,2017,20171001,taiwan,75-79
"Wassner, Laurel",AUS,1,1,6,00:54:26,05:00:39,03:49:12,09:50:21,5000,Ironman 140.6,Penghu,Taiwan,Asia,F,2017,20171001,taiwan,Pro
"Bevilaqua, Kate",AUS,2,2,16,00:57:45,05:26:03,04:06:35,10:36:13,4449,Ironman 140.6,Penghu,Taiwan,Asia,F,2017,20171001,taiwan,Pro
"Morel, Charlotte",FRA,3,4,27,00:54:30,05:10:01,04:42:59,10:54:25,4231,Ironman 140.6,Penghu,Taiwan,Asia,F,2017,20171001,taiwan,Pro
"Mack, Danielle",AUS,4,7,59,01:04:41,05:29:23,05:05:48,11:44:30,3630,Ironman 140.6,Penghu,Taiwan,Asia,F,2017,20171001,taiwan,Pro
"Brown, Brooke",CAN,---,---,---,01:07:40,---,---,DNF,---,Ironman 140.6,Penghu,Taiwan,Asia,F,2017,20171001,taiwan,Pro
"Haesner, Kathryn",NZL,---,---,---,00:56:45,05:34:59,---,DNF,---,Ironman 140.6,Penghu,Taiwan,Asia,F,2017,20171001,taiwan,Pro
"Juhart, Monica",AUS,---,---,---,---,---,---,DNS,---,Ironman 140.6,Penghu,Taiwan,Asia,F,2017,20171001,taiwan,Pro
"Li, Shiao-Yu",TWN,---,---,---,---,---,---,DNS,---,Ironman 140.6,Penghu,Taiwan,Asia,F,2017,20171001,taiwan,Pro
"Watkinson, Annah",ZAF,---,---,---,00:57:50,05:13:21,---,DNF,---,Ironman 140.6,Penghu,Taiwan,Asia,F,2017,20171001,taiwan,Pro
"Horiba, Manami",JPN,1,28,173,01:20:57,07:02:43,04:55:49,13:35:04,5000,Ironman 140.6,Penghu,Taiwan,Asia,F,2017,20171001,taiwan,18-24
"Yuen, Coreen",AUS,2,69,495,01:29:48,07:59:13,06:51:41,16:34:33,2846,Ironman 140.6,Penghu,Taiwan,Asia,F,2017,20171001,taiwan,18-24
"Zhang, Lu",CHN,3,72,528,02:06:17,07:55:54,06:35:42,16:56:13,2586,Ironman 140.6,Penghu,Taiwan,Asia,F,2017,20171001,taiwan,18-24
"Liao, Ning",CHN,---,---,---,---,---,---,DNF,---,Ironman 140.6,Penghu,Taiwan,Asia,F,2017,20171001,taiwan,18-24
"Yun, Chen Li",TWN,1,8,63,01:21:37,06:01:40,04:16:35,11:48:06,5000,Ironman 140.6,Penghu,Taiwan,Asia,F,2017,20171001,taiwan,25-29
"Chuang, Ya Ting",TWN,2,12,83,01:35:48,06:02:34,04:20:59,12:12:40,4705,Ironman 140.6,Penghu,Taiwan,Asia,F,2017,20171001,taiwan,25-29
"Hsu, Hui An",TWN,3,16,104,01:21:53,06:21:51,04:35:54,12:29:33,4502,Ironman 140.6,Penghu,Taiwan,Asia,F,2017,20171001,taiwan,25-29
"Clarke, Sophie",GBR,4,20,126,01:13:07,06:00:46,05:29:47,12:50:54,4246,Ironman 140.6,Penghu,Taiwan,Asia,F,2017,20171001,taiwan,25-29
"Coady, Olivia",NZL,5,47,279,01:24:36,06:50:28,06:11:07,14:45:11,2875,Ironman 140.6,Penghu,Taiwan,Asia,F,2017,20171001,taiwan,25-29
"Wei-Ting, Liu",TWN,1,19,125,01:28:36,06:04:50,05:06:57,12:50:53,5000,Ironman 140.6,Penghu,Taiwan,Asia,F,2017,20171001,taiwan,30-34
"Llewellyn, Marie",GBR,2,29,176,01:14:29,06:27:44,05:45:31,13:36:28,4453,Ironman 140.6,Penghu,Taiwan,Asia,F,2017,20171001,taiwan,30-34
"Wakabayashi, Nanae",JPN,3,36,209,01:10:47,07:23:23,05:05:06,13:59:48,4173,Ironman 140.6,Penghu,Taiwan,Asia,F,2017,20171001,taiwan,30-34
"Liu, Qian Ru",TWN,4,43,242,01:37:08,07:41:03,04:50:52,14:22:18,3903,Ironman 140.6,Penghu,Taiwan,Asia,F,2017,20171001,taiwan,30-34
"Yip, Hoi Lun",HKG,5,49,292,01:41:55,07:08:23,05:33:00,14:50:42,3562,Ironman 140.6,Penghu,Taiwan,Asia,F,2017,20171001,taiwan,30-34
"Hikita, Fumie",JPN,6,51,312,01:15:04,07:21:11,06:07:36,15:04:56,3391,Ironman 140.6,Penghu,Taiwan,Asia,F,2017,20171001,taiwan,30-34
"Faye, Jackie",AUS,7,55,357,01:42:37,07:39:32,05:58:25,15:32:12,3064,Ironman 140.6,Penghu,Taiwan,Asia,F,2017,20171001,taiwan,30-34
"Lee, Yu",TWN,8,57,365,01:20:51,06:33:03,07:18:10,15:36:51,3008,Ironman 140.6,Penghu,Taiwan,Asia,F,2017,20171001,taiwan,30-34
"Hsu, Wan Chen",TWN,9,60,384,01:45:37,07:44:09,05:59:14,15:46:49,2888,Ironman 140.6,Penghu,Taiwan,Asia,F,2017,20171001,taiwan,30-34
"Hsu, Yen",CHN,---,---,---,02:05:00,08:08:16,---,DNF,---,Ironman 140.6,Penghu,Taiwan,Asia,F,2017,20171001,taiwan,30-34
"Liao, Meiya",TWN,---,---,---,01:59:10,07:57:51,---,DNF,---,Ironman 140.6,Penghu,Taiwan,Asia,F,2017,20171001,taiwan,30-34
"Zhang, Jie",CHN,---,---,---,01:03:19,---,---,DNF,---,Ironman 140.6,Penghu,Taiwan,Asia,F,2017,20171001,taiwan,30-34
"Kahkonen, Anna-Maria",FIN,1,5,37,01:12:01,05:55:20,03:59:36,11:15:09,5000,Ironman 140.6,Penghu,Taiwan,Asia,F,2017,20171001,taiwan,35-39
"Tik, Mandy",HKG,2,14,93,01:05:43,06:46:35,04:20:49,12:22:10,4195,Ironman 140.6,Penghu,Taiwan,Asia,F,2017,20171001,taiwan,35-39
"Lee, Yvonne",TWN,3,39,233,01:32:38,07:09:45,05:22:51,14:16:58,2818,Ironman 140.6,Penghu,Taiwan,Asia,F,2017,20171001,taiwan,35-39
"Toida, Maiko",JPN,4,42,241,01:26:00,06:44:51,05:56:59,14:22:10,2755,Ironman 140.6,Penghu,Taiwan,Asia,F,2017,20171001,taiwan,35-39
"Wu, Kwang-Wei",TWN,5,52,313,01:50:16,06:50:54,05:56:20,15:04:59,2242,Ironman 140.6,Penghu,Taiwan,Asia,F,2017,20171001,taiwan,35-39
"Kung, Wen-Hsiu",TWN,6,63,432,01:49:19,07:02:02,06:52:06,16:13:42,1417,Ironman 140.6,Penghu,Taiwan,Asia,F,2017,20171001,taiwan,35-39
"Chou, Shu Chen",TWN,---,---,---,---,---,---,DNS,---,Ironman 140.6,Penghu,Taiwan,Asia,F,2017,20171001,taiwan,35-39
"Jin, Yan",CHN,---,---,---,01:22:57,06:09:03,---,DNF,---,Ironman 140.6,Penghu,Taiwan,Asia,F,2017,20171001,taiwan,35-39
"Niederberger, Evelyne",CHE,---,---,---,01:03:31,06:07:13,---,DNF,---,Ironman 140.6,Penghu,Taiwan,Asia,F,2017,20171001,taiwan,35-39
"Tseng, Ming Meng",TWN,---,---,---,---,---,---,DNS,---,Ironman 140.6,Penghu,Taiwan,Asia,F,2017,20171001,taiwan,35-39
"Wong, Suet Fan",HKG,---,---,---,01:10:54,06:41:33,---,DNF,---,Ironman 140.6,Penghu,Taiwan,Asia,F,2017,20171001,taiwan,35-39
"Hopkin, Andrea",AUS,1,3,26,01:06:20,05:44:52,03:55:31,10:54:13,5000,Ironman 140.6,Penghu,Taiwan,Asia,F,2017,20171001,taiwan,40-44
"Vande Kerckhove, Annick",BEL,2,6,47,01:08:19,05:38:18,04:35:01,11:29:10,4580,Ironman 140.6,Penghu,Taiwan,Asia,F,2017,20171001,taiwan,40-44
"Hasegawa, Aya",JPN,3,17,110,01:18:02,06:31:45,04:33:48,12:35:51,3780,Ironman 140.6,Penghu,Taiwan,Asia,F,2017,20171001,taiwan,40-44
"Okishi, Akiko",JPN,4,21,134,01:43:12,06:18:02,04:50:43,13:01:28,3473,Ironman 140.6,Penghu,Taiwan,Asia,F,2017,20171001,taiwan,40-44
"Lubis, Savitri",IDN,5,54,355,01:51:02,07:18:47,06:05:04,15:31:56,1667,Ironman 140.6,Penghu,Taiwan,Asia,F,2017,20171001,taiwan,40-44
"Bautista, Nylah Rizza",PHL,6,56,364,01:30:39,07:23:02,06:31:24,15:36:45,1609,Ironman 140.6,Penghu,Taiwan,Asia,F,2017,20171001,taiwan,40-44
"Kamiya, Satoko",JPN,7,61,385,01:29:29,08:10:35,05:43:43,15:46:54,1487,Ironman 140.6,Penghu,Taiwan,Asia,F,2017,20171001,taiwan,40-44
"Kwong, Grace Chung Yan",HKG,8,64,439,01:51:26,07:48:55,06:12:22,16:16:50,1128,Ironman 140.6,Penghu,Taiwan,Asia,F,2017,20171001,taiwan,40-44
"Chang, Nai-Yun",TWN,9,67,482,01:45:51,07:55:18,06:30:31,16:28:51,1000,Ironman 140.6,Penghu,Taiwan,Asia,F,2017,20171001,taiwan,40-44
"Yanrong, Li",CHN,10,71,521,01:46:11,08:18:13,06:19:36,16:50:13,1000,Ironman 140.6,Penghu,Taiwan,Asia,F,2017,20171001,taiwan,40-44
"Albarote, Lezette",PHL,---,---,---,---,---,---,DNS,---,Ironman 140.6,Penghu,Taiwan,Asia,F,2017,20171001,taiwan,40-44
"Masaki, Junko",JPN,---,---,---,01:21:18,---,---,DNF,---,Ironman 140.6,Penghu,Taiwan,Asia,F,2017,20171001,taiwan,40-44
"Suzuki, Masami",JPN,---,---,---,01:10:46,---,---,DNF,---,Ironman 140.6,Penghu,Taiwan,Asia,F,2017,20171001,taiwan,40-44
"Gemmell, Michelle",AUS,1,9,69,01:07:12,05:54:58,04:43:08,11:54:12,5000,Ironman 140.6,Penghu,Taiwan,Asia,F,2017,20171001,taiwan,45-49
"Kawatani, Yoko",JPN,2,10,70,01:31:18,06:14:15,04:01:05,11:54:50,4992,Ironman 140.6,Penghu,Taiwan,Asia,F,2017,20171001,taiwan,45-49
"Murdie, Ruth",GBR,3,11,77,01:17:44,05:52:28,04:49:35,12:08:12,4832,Ironman 140.6,Penghu,Taiwan,Asia,F,2017,20171001,taiwan,45-49
"Yamazawa, Yoko",JPN,4,15,96,01:17:45,06:11:58,04:46:15,12:25:34,4623,Ironman 140.6,Penghu,Taiwan,Asia,F,2017,20171001,taiwan,45-49
"Matsumoto, Yoko",JPN,5,22,135,01:25:18,06:34:56,04:43:44,13:05:13,4147,Ironman 140.6,Penghu,Taiwan,Asia,F,2017,20171001,taiwan,45-49
"Fusetti, Sara",ITA,6,25,160,01:15:18,06:43:57,05:15:43,13:27:14,3883,Ironman 140.6,Penghu,Taiwan,Asia,F,2017,20171001,taiwan,45-49
"Kumazaki, Mayumi",JPN,7,26,167,01:32:10,06:49:30,04:55:08,13:29:59,3850,Ironman 140.6,Penghu,Taiwan,Asia,F,2017,20171001,taiwan,45-49
"Chang, Chiu Lan",TWN,8,30,179,01:39:16,06:02:21,05:47:05,13:38:22,3750,Ironman 140.6,Penghu,Taiwan,Asia,F,2017,20171001,taiwan,45-49
"Watanabe, Mariko",JPN,9,35,206,01:31:35,07:11:44,04:51:03,13:56:41,3530,Ironman 140.6,Penghu,Taiwan,Asia,F,2017,20171001,taiwan,45-49
"Nakano, Sachiko",JPN,10,38,225,01:18:32,07:28:26,05:12:49,14:10:50,3360,Ironman 140.6,Penghu,Taiwan,Asia,F,2017,20171001,taiwan,45-49
"Ken, Yoko",JPN,11,59,376,01:39:08,07:44:34,05:52:31,15:43:21,2250,Ironman 140.6,Penghu,Taiwan,Asia,F,2017,20171001,taiwan,45-49
"Handa, Tomomi",JPN,12,66,469,01:46:38,07:52:31,06:14:25,16:27:08,1724,Ironman 140.6,Penghu,Taiwan,Asia,F,2017,20171001,taiwan,45-49
"Ozaki, Keiko",JPN,13,70,514,01:34:28,08:21:55,06:15:43,16:45:57,1499,Ironman 140.6,Penghu,Taiwan,Asia,F,2017,20171001,taiwan,45-49
"Buchta, Katrin",DEU,---,---,---,01:18:09,07:54:42,---,DNF,---,Ironman 140.6,Penghu,Taiwan,Asia,F,2017,20171001,taiwan,45-49
"Fujita, Chika",JPN,---,---,---,01:29:04,07:13:52,---,DNF,---,Ironman 140.6,Penghu,Taiwan,Asia,F,2017,20171001,taiwan,45-49
"Gray, Megan",AUS,---,---,---,---,---,---,DNS,---,Ironman 140.6,Penghu,Taiwan,Asia,F,2017,20171001,taiwan,45-49
"Kinugasa, Yukiko",JPN,---,---,---,01:48:16,08:07:40,---,DNF,---,Ironman 140.6,Penghu,Taiwan,Asia,F,2017,20171001,taiwan,45-49
"Miho, Kano",JPN,1,13,85,01:18:03,06:25:26,04:20:42,12:16:23,5000,Ironman 140.6,Penghu,Taiwan,Asia,F,2017,20171001,taiwan,50-54
"Ando, Yuki",JPN,2,24,156,01:30:44,06:35:39,05:09:45,13:23:18,4197,Ironman 140.6,Penghu,Taiwan,Asia,F,2017,20171001,taiwan,50-54
"Li, Wen Chueh",TWN,3,27,170,01:26:58,06:43:08,05:09:17,13:31:58,4093,Ironman 140.6,Penghu,Taiwan,Asia,F,2017,20171001,taiwan,50-54
"Kawakami, Yumiko",JPN,4,31,185,01:24:27,06:33:40,05:28:04,13:40:29,3990,Ironman 140.6,Penghu,Taiwan,Asia,F,2017,20171001,taiwan,50-54
"Takeuchi, Masako",JPN,5,46,276,01:36:30,06:48:43,06:01:17,14:43:11,3238,Ironman 140.6,Penghu,Taiwan,Asia,F,2017,20171001,taiwan,50-54
"Namai, Kanako",JPN,6,48,280,01:29:59,07:19:42,05:35:49,14:45:15,3213,Ironman 140.6,Penghu,Taiwan,Asia,F,2017,20171001,taiwan,50-54
"Sato, Rie",JPN,7,53,350,01:31:22,07:08:13,06:30:50,15:28:27,2695,Ironman 140.6,Penghu,Taiwan,Asia,F,2017,20171001,taiwan,50-54
"Jones, Lesley",ARE,8,62,395,01:40:35,08:06:35,05:48:56,15:56:49,2354,Ironman 140.6,Penghu,Taiwan,Asia,F,2017,20171001,taiwan,50-54
"Komata, Shigeko",JPN,9,65,463,01:25:31,07:29:54,07:00:08,16:24:12,2026,Ironman 140.6,Penghu,Taiwan,Asia,F,2017,20171001,taiwan,50-54
"Nagai, Kumiko",JPN,10,68,490,01:44:19,07:57:03,06:10:40,16:32:01,1932,Ironman 140.6,Penghu,Taiwan,Asia,F,2017,20171001,taiwan,50-54
"Kimura, Naoko",JPN,---,---,---,---,---,---,DNS,---,Ironman 140.6,Penghu,Taiwan,Asia,F,2017,20171001,taiwan,50-54
"Matsui, Yoko",JPN,---,---,---,01:21:46,06:23:13,---,DNF,---,Ironman 140.6,Penghu,Taiwan,Asia,F,2017,20171001,taiwan,50-54
"Tao, Yuhua",CHN,---,---,---,01:35:42,06:57:13,---,DNF,---,Ironman 140.6,Penghu,Taiwan,Asia,F,2017,20171001,taiwan,50-54
"Thompson, Chris",AUS,---,---,---,---,---,---,DNS,---,Ironman 140.6,Penghu,Taiwan,Asia,F,2017,20171001,taiwan,50-54
"Terada, Kaori",JPN,1,23,138,01:22:14,06:46:54,04:44:10,13:06:57,5000,Ironman 140.6,Penghu,Taiwan,Asia,F,2017,20171001,taiwan,55-59
"Sekiya, Michiyo",JPN,2,32,188,01:20:58,06:58:45,05:05:51,13:42:18,4575,Ironman 140.6,Penghu,Taiwan,Asia,F,2017,20171001,taiwan,55-59
"Knecht-Boyer, Anne",CAN,3,33,191,01:13:08,06:22:35,05:57:58,13:46:00,4531,Ironman 140.6,Penghu,Taiwan,Asia,F,2017,20171001,taiwan,55-59
"Nussboum, Mina",ISR,4,40,234,01:41:30,06:16:33,06:08:59,14:17:49,4149,Ironman 140.6,Penghu,Taiwan,Asia,F,2017,20171001,taiwan,55-59
"Hino, Jun",JPN,5,41,239,01:31:05,07:05:59,05:33:01,14:20:53,4112,Ironman 140.6,Penghu,Taiwan,Asia,F,2017,20171001,taiwan,55-59
"Sasaki, Masako",JPN,6,50,311,01:32:23,07:34:52,05:31:19,15:03:52,3597,Ironman 140.6,Penghu,Taiwan,Asia,F,2017,20171001,taiwan,55-59
"Murata, Satomi",JPN,1,58,370,01:33:57,07:58:44,05:49:29,15:38:38,5000,Ironman 140.6,Penghu,Taiwan,Asia,F,2017,20171001,taiwan,60-64
"Nishina, Akemi",JPN,---,---,---,---,---,---,DNS,---,Ironman 140.6,Penghu,Taiwan,Asia,F,2017,20171001,taiwan,60-64
"Yau, Lai Lin",HKG,---,---,---,01:42:06,05:25:28,---,DNF,---,Ironman 140.6,Penghu,Taiwan,Asia,F,2017,20171001,taiwan,60-64
"Makimoto, Mieko",JPN,---,---,---,01:47:04,08:14:34,---,DNF,---,Ironman 140.6,Penghu,Taiwan,Asia,F,2017,20171001,taiwan,65-69
